2026-05-28T15:12:10.418+07:00  INFO 14476 --- [DinhTrongAn_Hackathon_] [restartedMain] o.e.DinhTrongAnHackathonApplication      : Starting DinhTrongAnHackathonApplication using Java 21.0.7 with PID 14476 (E:\Web\demoHackathon\DinhTrongAn_Hackathon_\build\classes\java\main started by Trong An in E:\Web\demoHackathon\DinhTrongAn_Hackathon_)
2026-05-28T15:12:10.425+07:00  INFO 14476 --- [DinhTrongAn_Hackathon_] [restartedMain] o.e.DinhTrongAnHackathonApplication      : No active profile set, falling back to 1 default profile: "default"
2026-05-28T15:12:12.355+07:00  INFO 14476 --- [DinhTrongAn_Hackathon_] [restartedMain] o.apache.catalina.core.StandardService   : Starting service [Tomcat]
2026-05-28T15:12:12.355+07:00  INFO 14476 --- [DinhTrongAn_Hackathon_] [restartedMain] o.apache.catalina.core.StandardEngine    : Starting Servlet engine: [Apache Tomcat/11.0.21]
2026-05-28T15:12:12.941+07:00  INFO 14476 --- [DinhTrongAn_Hackathon_] [restartedMain] org.hibernate.orm.jpa                    : HHH008540: Processing PersistenceUnitInfo [name: default]
2026-05-28T15:12:13.071+07:00  INFO 14476 --- [DinhTrongAn_Hackathon_] [restartedMain] org.hibernate.orm.core                   : HHH000001: Hibernate ORM core version 7.2.12.Final
2026-05-28T15:12:14.128+07:00  INFO 14476 --- [DinhTrongAn_Hackathon_] [restartedMain] com.zaxxer.hikari.HikariDataSource       : HikariPool-1 - Starting...
2026-05-28T15:12:15.050+07:00  INFO 14476 --- [DinhTrongAn_Hackathon_] [restartedMain] com.zaxxer.hikari.pool.HikariPool        : HikariPool-1 - Added connection com.mysql.cj.jdbc.ConnectionImpl@3d3d1dbd
2026-05-28T15:12:15.054+07:00  INFO 14476 --- [DinhTrongAn_Hackathon_] [restartedMain] com.zaxxer.hikari.HikariDataSource       : HikariPool-1 - Start completed.
2026-05-28T15:12:15.146+07:00  WARN 14476 --- [DinhTrongAn_Hackathon_] [restartedMain] org.hibernate.orm.deprecation            : HHH90000025: MySQLDialect does not need to be specified explicitly using 'hibernate.dialect' (remove the property setting and it will be selected by default)
2026-05-28T15:12:15.176+07:00  INFO 14476 --- [DinhTrongAn_Hackathon_] [restartedMain] org.hibernate.orm.connections.pooling    : HHH10001005: Database info:
	Database JDBC URL [jdbc:mysql://localhost:3306/Hakathon_it211?createDatabaseIfNotExist=true&useSSL=false&allowPublicKeyRetrieval=true]
	Database driver: MySQL Connector/J
	Database dialect: MySQLDialect
	Database version: 9.5
	Default catalog/schema: Hakathon_it211/undefined
	Autocommit mode: undefined/unknown
	Isolation level: REPEATABLE_READ [default REPEATABLE_READ]
	JDBC fetch size: none
	Pool: DataSourceConnectionProvider
	Minimum pool size: undefined/unknown
	Maximum pool size: undefined/unknown
2026-05-28T15:12:16.591+07:00  INFO 14476 --- [DinhTrongAn_Hackathon_] [restartedMain] org.hibernate.orm.core                   : HHH000489: No JTA platform available (set 'hibernate.transaction.jta.platform' to enable JTA platform integration)
2026-05-28T15:12:16.595+07:00  INFO 14476 --- [DinhTrongAn_Hackathon_] [restartedMain] org.hibernate.orm.jdbc.batch             : HHH100501: Automatic JDBC statement batching enabled (maximum batch size 20)
2026-05-28T15:12:16.690+07:00 DEBUG 14476 --- [DinhTrongAn_Hackathon_] [restartedMain] org.hibernate.SQL                        : 
    create table Watch (
        id bigint not null auto_increment,
        brand varchar(255),
        model_name varchar(255),
        movement_type enum ('AUTOMATIC','MECHANICAL','QUARTZ'),
        price float(53) not null,
        status enum ('IN_STOCK','REPAIRING','SOLD'),
        primary key (id)
    ) engine=InnoDB
2026-05-28T15:12:18.206+07:00  WARN 14476 --- [DinhTrongAn_Hackathon_] [restartedMain] JpaBaseConfiguration$JpaWebConfiguration : spring.jpa.open-in-view is enabled by default. Therefore, database queries may be performed during view rendering. Explicitly configure spring.jpa.open-in-view to disable this warning
2026-05-28T15:12:18.754+07:00  INFO 14476 --- [DinhTrongAn_Hackathon_] [restartedMain] o.e.DinhTrongAnHackathonApplication      : Started DinhTrongAnHackathonApplication in 8.912 seconds (process running for 10.045)
2026-05-28T15:12:43.230+07:00  INFO 14476 --- [DinhTrongAn_Hackathon_] [http-nio-8080-exec-2] o.a.c.c.C.[Tomcat].[localhost].[/]       : Initializing Spring DispatcherServlet 'dispatcherServlet'
2026-05-28T15:12:43.584+07:00 DEBUG 14476 --- [DinhTrongAn_Hackathon_] [http-nio-8080-exec-2] org.hibernate.SQL                        : 
    select
        w1_0.id,
        w1_0.brand,
        w1_0.model_name,
        w1_0.movement_type,
        w1_0.price,
        w1_0.status 
    from
        Watch w1_0 
    where
        lower(w1_0.model_name) like lower(concat('%', ?, '%')) escape '' 
        or lower(w1_0.brand) like lower(concat('%', ?, '%')) escape '' 
    limit
        ?
2026-05-28T15:12:43.806+07:00  WARN 14476 --- [DinhTrongAn_Hackathon_] [http-nio-8080-exec-2] ration$PageModule$WarningLoggingModifier : Serializing PageImpl instances as-is is not supported, meaning that there is no guarantee about the stability of the resulting JSON structure!
	For a stable JSON structure, please use Spring Data's PagedModel (globally via @EnableSpringDataWebSupport(pageSerializationMode = VIA_DTO))
	or Spring HATEOAS and Spring Data's PagedResourcesAssembler as documented in https://docs.spring.io/spring-data/commons/reference/repositories/core-extensions.html#core.web.pageables.

2026-05-28T15:13:04.430+07:00 DEBUG 14476 --- [DinhTrongAn_Hackathon_] [http-nio-8080-exec-3] org.hibernate.SQL                        : 
    select
        w1_0.id,
        w1_0.brand,
        w1_0.model_name,
        w1_0.movement_type,
        w1_0.price,
        w1_0.status 
    from
        Watch w1_0 
    where
        lower(w1_0.model_name) like lower(concat('%', ?, '%')) escape '' 
        or lower(w1_0.brand) like lower(concat('%', ?, '%')) escape '' 
    limit
        ?
2026-05-28T15:13:05.847+07:00 DEBUG 14476 --- [DinhTrongAn_Hackathon_] [http-nio-8080-exec-5] org.hibernate.SQL                        : 
    select
        w1_0.id,
        w1_0.brand,
        w1_0.model_name,
        w1_0.movement_type,
        w1_0.price,
        w1_0.status 
    from
        Watch w1_0 
    where
        lower(w1_0.model_name) like lower(concat('%', ?, '%')) escape '' 
        or lower(w1_0.brand) like lower(concat('%', ?, '%')) escape '' 
    limit
        ?
2026-05-28T15:13:06.001+07:00  INFO 14476 --- [DinhTrongAn_Hackathon_] [Thread-1] com.zaxxer.hikari.HikariDataSource       : HikariPool-1 - Shutdown initiated...
2026-05-28T15:13:06.024+07:00  INFO 14476 --- [DinhTrongAn_Hackathon_] [Thread-1] com.zaxxer.hikari.HikariDataSource       : HikariPool-1 - Shutdown completed.
2026-05-28T15:13:06.223+07:00  INFO 14476 --- [DinhTrongAn_Hackathon_] [restartedMain] o.e.DinhTrongAnHackathonApplication      : Starting DinhTrongAnHackathonApplication using Java 21.0.7 with PID 14476 (E:\Web\demoHackathon\DinhTrongAn_Hackathon_\build\classes\java\main started by Trong An in E:\Web\demoHackathon\DinhTrongAn_Hackathon_)
2026-05-28T15:13:06.223+07:00  INFO 14476 --- [DinhTrongAn_Hackathon_] [restartedMain] o.e.DinhTrongAnHackathonApplication      : No active profile set, falling back to 1 default profile: "default"
2026-05-28T15:13:06.993+07:00  INFO 14476 --- [DinhTrongAn_Hackathon_] [restartedMain] o.apache.catalina.core.StandardService   : Starting service [Tomcat]
2026-05-28T15:13:06.993+07:00  INFO 14476 --- [DinhTrongAn_Hackathon_] [restartedMain] o.apache.catalina.core.StandardEngine    : Starting Servlet engine: [Apache Tomcat/11.0.21]
2026-05-28T15:13:07.193+07:00  INFO 14476 --- [DinhTrongAn_Hackathon_] [restartedMain] org.hibernate.orm.jpa                    : HHH008540: Processing PersistenceUnitInfo [name: default]
2026-05-28T15:13:07.284+07:00  INFO 14476 --- [DinhTrongAn_Hackathon_] [restartedMain] com.zaxxer.hikari.HikariDataSource       : HikariPool-2 - Starting...
2026-05-28T15:13:07.302+07:00  INFO 14476 --- [DinhTrongAn_Hackathon_] [restartedMain] com.zaxxer.hikari.pool.HikariPool        : HikariPool-2 - Added connection com.mysql.cj.jdbc.ConnectionImpl@7068e885
2026-05-28T15:13:07.304+07:00  INFO 14476 --- [DinhTrongAn_Hackathon_] [restartedMain] com.zaxxer.hikari.HikariDataSource       : HikariPool-2 - Start completed.
2026-05-28T15:13:07.310+07:00  WARN 14476 --- [DinhTrongAn_Hackathon_] [restartedMain] org.hibernate.orm.deprecation            : HHH90000025: MySQLDialect does not need to be specified explicitly using 'hibernate.dialect' (remove the property setting and it will be selected by default)
2026-05-28T15:13:07.312+07:00  INFO 14476 --- [DinhTrongAn_Hackathon_] [restartedMain] org.hibernate.orm.connections.pooling    : HHH10001005: Database info:
	Database JDBC URL [jdbc:mysql://localhost:3306/Hakathon_it211?createDatabaseIfNotExist=true&useSSL=false&allowPublicKeyRetrieval=true]
	Database driver: MySQL Connector/J
	Database dialect: MySQLDialect
	Database version: 9.5
	Default catalog/schema: Hakathon_it211/undefined
	Autocommit mode: undefined/unknown
	Isolation level: REPEATABLE_READ [default REPEATABLE_READ]
	JDBC fetch size: none
	Pool: DataSourceConnectionProvider
	Minimum pool size: undefined/unknown
	Maximum pool size: undefined/unknown
2026-05-28T15:13:07.469+07:00  INFO 14476 --- [DinhTrongAn_Hackathon_] [restartedMain] org.hibernate.orm.core                   : HHH000489: No JTA platform available (set 'hibernate.transaction.jta.platform' to enable JTA platform integration)
2026-05-28T15:13:07.469+07:00  INFO 14476 --- [DinhTrongAn_Hackathon_] [restartedMain] org.hibernate.orm.jdbc.batch             : HHH100501: Automatic JDBC statement batching enabled (maximum batch size 20)
2026-05-28T15:13:07.714+07:00  WARN 14476 --- [DinhTrongAn_Hackathon_] [restartedMain] JpaBaseConfiguration$JpaWebConfiguration : spring.jpa.open-in-view is enabled by default. Therefore, database queries may be performed during view rendering. Explicitly configure spring.jpa.open-in-view to disable this warning
2026-05-28T15:13:07.935+07:00  INFO 14476 --- [DinhTrongAn_Hackathon_] [restartedMain] o.e.DinhTrongAnHackathonApplication      : Started DinhTrongAnHackathonApplication in 1.796 seconds (process running for 59.228)
2026-05-28T15:13:10.376+07:00  INFO 14476 --- [DinhTrongAn_Hackathon_] [Thread-5] com.zaxxer.hikari.HikariDataSource       : HikariPool-2 - Shutdown initiated...
2026-05-28T15:13:10.384+07:00  INFO 14476 --- [DinhTrongAn_Hackathon_] [Thread-5] com.zaxxer.hikari.HikariDataSource       : HikariPool-2 - Shutdown completed.
2026-05-28T15:13:10.539+07:00  INFO 14476 --- [DinhTrongAn_Hackathon_] [restartedMain] o.e.DinhTrongAnHackathonApplication      : Starting DinhTrongAnHackathonApplication using Java 21.0.7 with PID 14476 (E:\Web\demoHackathon\DinhTrongAn_Hackathon_\build\classes\java\main started by Trong An in E:\Web\demoHackathon\DinhTrongAn_Hackathon_)
2026-05-28T15:13:10.539+07:00  INFO 14476 --- [DinhTrongAn_Hackathon_] [restartedMain] o.e.DinhTrongAnHackathonApplication      : No active profile set, falling back to 1 default profile: "default"
2026-05-28T15:13:11.157+07:00  INFO 14476 --- [DinhTrongAn_Hackathon_] [restartedMain] o.apache.catalina.core.StandardService   : Starting service [Tomcat]
2026-05-28T15:13:11.160+07:00  INFO 14476 --- [DinhTrongAn_Hackathon_] [restartedMain] o.apache.catalina.core.StandardEngine    : Starting Servlet engine: [Apache Tomcat/11.0.21]
2026-05-28T15:13:11.305+07:00  INFO 14476 --- [DinhTrongAn_Hackathon_] [restartedMain] org.hibernate.orm.jpa                    : HHH008540: Processing PersistenceUnitInfo [name: default]
2026-05-28T15:13:11.363+07:00  INFO 14476 --- [DinhTrongAn_Hackathon_] [restartedMain] com.zaxxer.hikari.HikariDataSource       : HikariPool-3 - Starting...
2026-05-28T15:13:11.380+07:00  INFO 14476 --- [DinhTrongAn_Hackathon_] [restartedMain] com.zaxxer.hikari.pool.HikariPool        : HikariPool-3 - Added connection com.mysql.cj.jdbc.ConnectionImpl@5f3d259d
2026-05-28T15:13:11.380+07:00  INFO 14476 --- [DinhTrongAn_Hackathon_] [restartedMain] com.zaxxer.hikari.HikariDataSource       : HikariPool-3 - Start completed.
2026-05-28T15:13:11.380+07:00  WARN 14476 --- [DinhTrongAn_Hackathon_] [restartedMain] org.hibernate.orm.deprecation            : HHH90000025: MySQLDialect does not need to be specified explicitly using 'hibernate.dialect' (remove the property setting and it will be selected by default)
2026-05-28T15:13:11.380+07:00  INFO 14476 --- [DinhTrongAn_Hackathon_] [restartedMain] org.hibernate.orm.connections.pooling    : HHH10001005: Database info:
	Database JDBC URL [jdbc:mysql://localhost:3306/Hakathon_it211?createDatabaseIfNotExist=true&useSSL=false&allowPublicKeyRetrieval=true]
	Database driver: MySQL Connector/J
	Database dialect: MySQLDialect
	Database version: 9.5
	Default catalog/schema: Hakathon_it211/undefined
	Autocommit mode: undefined/unknown
	Isolation level: REPEATABLE_READ [default REPEATABLE_READ]
	JDBC fetch size: none
	Pool: DataSourceConnectionProvider
	Minimum pool size: undefined/unknown
	Maximum pool size: undefined/unknown
2026-05-28T15:13:11.479+07:00  INFO 14476 --- [DinhTrongAn_Hackathon_] [restartedMain] org.hibernate.orm.core                   : HHH000489: No JTA platform available (set 'hibernate.transaction.jta.platform' to enable JTA platform integration)
2026-05-28T15:13:11.479+07:00  INFO 14476 --- [DinhTrongAn_Hackathon_] [restartedMain] org.hibernate.orm.jdbc.batch             : HHH100501: Automatic JDBC statement batching enabled (maximum batch size 20)
2026-05-28T15:13:11.703+07:00  WARN 14476 --- [DinhTrongAn_Hackathon_] [restartedMain] JpaBaseConfiguration$JpaWebConfiguration : spring.jpa.open-in-view is enabled by default. Therefore, database queries may be performed during view rendering. Explicitly configure spring.jpa.open-in-view to disable this warning
2026-05-28T15:13:11.918+07:00  INFO 14476 --- [DinhTrongAn_Hackathon_] [restartedMain] o.e.DinhTrongAnHackathonApplication      : Started DinhTrongAnHackathonApplication in 1.435 seconds (process running for 63.209)
2026-05-28T15:13:13.149+07:00  INFO 14476 --- [DinhTrongAn_Hackathon_] [http-nio-8080-exec-1] o.a.c.c.C.[Tomcat].[localhost].[/]       : Initializing Spring DispatcherServlet 'dispatcherServlet'
2026-05-28T15:13:13.165+07:00 DEBUG 14476 --- [DinhTrongAn_Hackathon_] [http-nio-8080-exec-1] org.hibernate.SQL                        : 
    select
        w1_0.id,
        w1_0.brand,
        w1_0.model_name,
        w1_0.movement_type,
        w1_0.price,
        w1_0.status 
    from
        Watch w1_0 
    where
        lower(w1_0.model_name) like lower(concat('%', ?, '%')) escape '' 
        or lower(w1_0.brand) like lower(concat('%', ?, '%')) escape '' 
    limit
        ?
2026-05-28T15:15:00.431+07:00 DEBUG 14476 --- [DinhTrongAn_Hackathon_] [http-nio-8080-exec-3] org.hibernate.SQL                        : 
    select
        w1_0.id,
        w1_0.brand,
        w1_0.model_name,
        w1_0.movement_type,
        w1_0.price,
        w1_0.status 
    from
        Watch w1_0 
    where
        lower(w1_0.model_name) like lower(concat('%', ?, '%')) escape '' 
        or lower(w1_0.brand) like lower(concat('%', ?, '%')) escape '' 
    limit
        ?
2026-05-28T15:15:01.544+07:00 DEBUG 14476 --- [DinhTrongAn_Hackathon_] [http-nio-8080-exec-4] org.hibernate.SQL                        : 
    select
        w1_0.id,
        w1_0.brand,
        w1_0.model_name,
        w1_0.movement_type,
        w1_0.price,
        w1_0.status 
    from
        Watch w1_0 
    where
        lower(w1_0.model_name) like lower(concat('%', ?, '%')) escape '' 
        or lower(w1_0.brand) like lower(concat('%', ?, '%')) escape '' 
    limit
        ?
2026-05-28T15:15:01.883+07:00  INFO 14476 --- [DinhTrongAn_Hackathon_] [Thread-9] com.zaxxer.hikari.HikariDataSource       : HikariPool-3 - Shutdown initiated...
2026-05-28T15:15:01.890+07:00  INFO 14476 --- [DinhTrongAn_Hackathon_] [Thread-9] com.zaxxer.hikari.HikariDataSource       : HikariPool-3 - Shutdown completed.
2026-05-28T15:15:02.040+07:00  INFO 14476 --- [DinhTrongAn_Hackathon_] [restartedMain] o.e.DinhTrongAnHackathonApplication      : Starting DinhTrongAnHackathonApplication using Java 21.0.7 with PID 14476 (E:\Web\demoHackathon\DinhTrongAn_Hackathon_\build\classes\java\main started by Trong An in E:\Web\demoHackathon\DinhTrongAn_Hackathon_)
2026-05-28T15:15:02.040+07:00  INFO 14476 --- [DinhTrongAn_Hackathon_] [restartedMain] o.e.DinhTrongAnHackathonApplication      : No active profile set, falling back to 1 default profile: "default"
2026-05-28T15:15:02.534+07:00  INFO 14476 --- [DinhTrongAn_Hackathon_] [restartedMain] o.apache.catalina.core.StandardService   : Starting service [Tomcat]
2026-05-28T15:15:02.534+07:00  INFO 14476 --- [DinhTrongAn_Hackathon_] [restartedMain] o.apache.catalina.core.StandardEngine    : Starting Servlet engine: [Apache Tomcat/11.0.21]
2026-05-28T15:15:02.681+07:00  INFO 14476 --- [DinhTrongAn_Hackathon_] [restartedMain] org.hibernate.orm.jpa                    : HHH008540: Processing PersistenceUnitInfo [name: default]
2026-05-28T15:15:02.767+07:00  INFO 14476 --- [DinhTrongAn_Hackathon_] [restartedMain] com.zaxxer.hikari.HikariDataSource       : HikariPool-4 - Starting...
2026-05-28T15:15:02.784+07:00  INFO 14476 --- [DinhTrongAn_Hackathon_] [restartedMain] com.zaxxer.hikari.pool.HikariPool        : HikariPool-4 - Added connection com.mysql.cj.jdbc.ConnectionImpl@2c87d9c0
2026-05-28T15:15:02.784+07:00  INFO 14476 --- [DinhTrongAn_Hackathon_] [restartedMain] com.zaxxer.hikari.HikariDataSource       : HikariPool-4 - Start completed.
2026-05-28T15:15:02.786+07:00  WARN 14476 --- [DinhTrongAn_Hackathon_] [restartedMain] org.hibernate.orm.deprecation            : HHH90000025: MySQLDialect does not need to be specified explicitly using 'hibernate.dialect' (remove the property setting and it will be selected by default)
2026-05-28T15:15:02.786+07:00  INFO 14476 --- [DinhTrongAn_Hackathon_] [restartedMain] org.hibernate.orm.connections.pooling    : HHH10001005: Database info:
	Database JDBC URL [jdbc:mysql://localhost:3306/Hakathon_it211?createDatabaseIfNotExist=true&useSSL=false&allowPublicKeyRetrieval=true]
	Database driver: MySQL Connector/J
	Database dialect: MySQLDialect
	Database version: 9.5
	Default catalog/schema: Hakathon_it211/undefined
	Autocommit mode: undefined/unknown
	Isolation level: REPEATABLE_READ [default REPEATABLE_READ]
	JDBC fetch size: none
	Pool: DataSourceConnectionProvider
	Minimum pool size: undefined/unknown
	Maximum pool size: undefined/unknown
2026-05-28T15:15:02.873+07:00  INFO 14476 --- [DinhTrongAn_Hackathon_] [restartedMain] org.hibernate.orm.core                   : HHH000489: No JTA platform available (set 'hibernate.transaction.jta.platform' to enable JTA platform integration)
2026-05-28T15:15:02.873+07:00  INFO 14476 --- [DinhTrongAn_Hackathon_] [restartedMain] org.hibernate.orm.jdbc.batch             : HHH100501: Automatic JDBC statement batching enabled (maximum batch size 20)
2026-05-28T15:15:03.020+07:00  WARN 14476 --- [DinhTrongAn_Hackathon_] [restartedMain] JpaBaseConfiguration$JpaWebConfiguration : spring.jpa.open-in-view is enabled by default. Therefore, database queries may be performed during view rendering. Explicitly configure spring.jpa.open-in-view to disable this warning
2026-05-28T15:15:03.326+07:00  INFO 14476 --- [DinhTrongAn_Hackathon_] [restartedMain] o.e.DinhTrongAnHackathonApplication      : Started DinhTrongAnHackathonApplication in 1.344 seconds (process running for 174.619)
2026-05-28T15:15:03.606+07:00  INFO 14476 --- [DinhTrongAn_Hackathon_] [http-nio-8080-exec-2] o.a.c.c.C.[Tomcat].[localhost].[/]       : Initializing Spring DispatcherServlet 'dispatcherServlet'
2026-05-28T15:15:06.850+07:00  INFO 14476 --- [DinhTrongAn_Hackathon_] [Thread-13] com.zaxxer.hikari.HikariDataSource       : HikariPool-4 - Shutdown initiated...
2026-05-28T15:15:06.857+07:00  INFO 14476 --- [DinhTrongAn_Hackathon_] [Thread-13] com.zaxxer.hikari.HikariDataSource       : HikariPool-4 - Shutdown completed.
2026-05-28T15:15:07.039+07:00  INFO 14476 --- [DinhTrongAn_Hackathon_] [restartedMain] o.e.DinhTrongAnHackathonApplication      : Starting DinhTrongAnHackathonApplication using Java 21.0.7 with PID 14476 (E:\Web\demoHackathon\DinhTrongAn_Hackathon_\build\classes\java\main started by Trong An in E:\Web\demoHackathon\DinhTrongAn_Hackathon_)
2026-05-28T15:15:07.039+07:00  INFO 14476 --- [DinhTrongAn_Hackathon_] [restartedMain] o.e.DinhTrongAnHackathonApplication      : No active profile set, falling back to 1 default profile: "default"
2026-05-28T15:15:07.560+07:00  INFO 14476 --- [DinhTrongAn_Hackathon_] [restartedMain] o.apache.catalina.core.StandardService   : Starting service [Tomcat]
2026-05-28T15:15:07.560+07:00  INFO 14476 --- [DinhTrongAn_Hackathon_] [restartedMain] o.apache.catalina.core.StandardEngine    : Starting Servlet engine: [Apache Tomcat/11.0.21]
2026-05-28T15:15:07.693+07:00  INFO 14476 --- [DinhTrongAn_Hackathon_] [restartedMain] org.hibernate.orm.jpa                    : HHH008540: Processing PersistenceUnitInfo [name: default]
2026-05-28T15:15:07.759+07:00  INFO 14476 --- [DinhTrongAn_Hackathon_] [restartedMain] com.zaxxer.hikari.HikariDataSource       : HikariPool-5 - Starting...
2026-05-28T15:15:07.770+07:00  INFO 14476 --- [DinhTrongAn_Hackathon_] [restartedMain] com.zaxxer.hikari.pool.HikariPool        : HikariPool-5 - Added connection com.mysql.cj.jdbc.ConnectionImpl@1d0a680a
2026-05-28T15:15:07.770+07:00  INFO 14476 --- [DinhTrongAn_Hackathon_] [restartedMain] com.zaxxer.hikari.HikariDataSource       : HikariPool-5 - Start completed.
2026-05-28T15:15:07.770+07:00  WARN 14476 --- [DinhTrongAn_Hackathon_] [restartedMain] org.hibernate.orm.deprecation            : HHH90000025: MySQLDialect does not need to be specified explicitly using 'hibernate.dialect' (remove the property setting and it will be selected by default)
2026-05-28T15:15:07.770+07:00  INFO 14476 --- [DinhTrongAn_Hackathon_] [restartedMain] org.hibernate.orm.connections.pooling    : HHH10001005: Database info:
	Database JDBC URL [jdbc:mysql://localhost:3306/Hakathon_it211?createDatabaseIfNotExist=true&useSSL=false&allowPublicKeyRetrieval=true]
	Database driver: MySQL Connector/J
	Database dialect: MySQLDialect
	Database version: 9.5
	Default catalog/schema: Hakathon_it211/undefined
	Autocommit mode: undefined/unknown
	Isolation level: REPEATABLE_READ [default REPEATABLE_READ]
	JDBC fetch size: none
	Pool: DataSourceConnectionProvider
	Minimum pool size: undefined/unknown
	Maximum pool size: undefined/unknown
2026-05-28T15:15:07.867+07:00  INFO 14476 --- [DinhTrongAn_Hackathon_] [restartedMain] org.hibernate.orm.core                   : HHH000489: No JTA platform available (set 'hibernate.transaction.jta.platform' to enable JTA platform integration)
2026-05-28T15:15:07.867+07:00  INFO 14476 --- [DinhTrongAn_Hackathon_] [restartedMain] org.hibernate.orm.jdbc.batch             : HHH100501: Automatic JDBC statement batching enabled (maximum batch size 20)
2026-05-28T15:15:08.015+07:00  WARN 14476 --- [DinhTrongAn_Hackathon_] [restartedMain] JpaBaseConfiguration$JpaWebConfiguration : spring.jpa.open-in-view is enabled by default. Therefore, database queries may be performed during view rendering. Explicitly configure spring.jpa.open-in-view to disable this warning
2026-05-28T15:15:08.686+07:00  INFO 14476 --- [DinhTrongAn_Hackathon_] [restartedMain] o.e.DinhTrongAnHackathonApplication      : Started DinhTrongAnHackathonApplication in 1.717 seconds (process running for 179.984)
2026-05-28T15:15:09.785+07:00  INFO 14476 --- [DinhTrongAn_Hackathon_] [http-nio-8080-exec-2] o.a.c.c.C.[Tomcat].[localhost].[/]       : Initializing Spring DispatcherServlet 'dispatcherServlet'
2026-05-28T15:15:09.805+07:00 DEBUG 14476 --- [DinhTrongAn_Hackathon_] [http-nio-8080-exec-2] org.hibernate.SQL                        : 
    select
        w1_0.id,
        w1_0.brand,
        w1_0.model_name,
        w1_0.movement_type,
        w1_0.price,
        w1_0.status 
    from
        Watch w1_0 
    where
        lower(w1_0.model_name) like lower(concat('%', ?, '%')) escape '' 
        or lower(w1_0.brand) like lower(concat('%', ?, '%')) escape '' 
    limit
        ?
2026-05-28T15:17:05.674+07:00  INFO 14476 --- [DinhTrongAn_Hackathon_] [Thread-17] com.zaxxer.hikari.HikariDataSource       : HikariPool-5 - Shutdown initiated...
2026-05-28T15:17:05.682+07:00  INFO 14476 --- [DinhTrongAn_Hackathon_] [Thread-17] com.zaxxer.hikari.HikariDataSource       : HikariPool-5 - Shutdown completed.
2026-05-28T15:17:05.817+07:00  INFO 14476 --- [DinhTrongAn_Hackathon_] [restartedMain] o.e.DinhTrongAnHackathonApplication      : Starting DinhTrongAnHackathonApplication using Java 21.0.7 with PID 14476 (E:\Web\demoHackathon\DinhTrongAn_Hackathon_\build\classes\java\main started by Trong An in E:\Web\demoHackathon\DinhTrongAn_Hackathon_)
2026-05-28T15:17:05.818+07:00  INFO 14476 --- [DinhTrongAn_Hackathon_] [restartedMain] o.e.DinhTrongAnHackathonApplication      : No active profile set, falling back to 1 default profile: "default"
2026-05-28T15:17:06.271+07:00  INFO 14476 --- [DinhTrongAn_Hackathon_] [restartedMain] o.apache.catalina.core.StandardService   : Starting service [Tomcat]
2026-05-28T15:17:06.272+07:00  INFO 14476 --- [DinhTrongAn_Hackathon_] [restartedMain] o.apache.catalina.core.StandardEngine    : Starting Servlet engine: [Apache Tomcat/11.0.21]
2026-05-28T15:17:06.404+07:00  INFO 14476 --- [DinhTrongAn_Hackathon_] [restartedMain] org.hibernate.orm.jpa                    : HHH008540: Processing PersistenceUnitInfo [name: default]
2026-05-28T15:17:06.480+07:00  INFO 14476 --- [DinhTrongAn_Hackathon_] [restartedMain] com.zaxxer.hikari.HikariDataSource       : HikariPool-6 - Starting...
2026-05-28T15:17:06.491+07:00  INFO 14476 --- [DinhTrongAn_Hackathon_] [restartedMain] com.zaxxer.hikari.pool.HikariPool        : HikariPool-6 - Added connection com.mysql.cj.jdbc.ConnectionImpl@4e7f2667
2026-05-28T15:17:06.492+07:00  INFO 14476 --- [DinhTrongAn_Hackathon_] [restartedMain] com.zaxxer.hikari.HikariDataSource       : HikariPool-6 - Start completed.
2026-05-28T15:17:06.493+07:00  WARN 14476 --- [DinhTrongAn_Hackathon_] [restartedMain] org.hibernate.orm.deprecation            : HHH90000025: MySQLDialect does not need to be specified explicitly using 'hibernate.dialect' (remove the property setting and it will be selected by default)
2026-05-28T15:17:06.494+07:00  INFO 14476 --- [DinhTrongAn_Hackathon_] [restartedMain] org.hibernate.orm.connections.pooling    : HHH10001005: Database info:
	Database JDBC URL [jdbc:mysql://localhost:3306/Hakathon_it211?createDatabaseIfNotExist=true&useSSL=false&allowPublicKeyRetrieval=true]
	Database driver: MySQL Connector/J
	Database dialect: MySQLDialect
	Database version: 9.5
	Default catalog/schema: Hakathon_it211/undefined
	Autocommit mode: undefined/unknown
	Isolation level: REPEATABLE_READ [default REPEATABLE_READ]
	JDBC fetch size: none
	Pool: DataSourceConnectionProvider
	Minimum pool size: undefined/unknown
	Maximum pool size: undefined/unknown
2026-05-28T15:17:06.560+07:00  INFO 14476 --- [DinhTrongAn_Hackathon_] [restartedMain] org.hibernate.orm.core                   : HHH000489: No JTA platform available (set 'hibernate.transaction.jta.platform' to enable JTA platform integration)
2026-05-28T15:17:06.560+07:00  INFO 14476 --- [DinhTrongAn_Hackathon_] [restartedMain] org.hibernate.orm.jdbc.batch             : HHH100501: Automatic JDBC statement batching enabled (maximum batch size 20)
2026-05-28T15:17:06.623+07:00  WARN 14476 --- [DinhTrongAn_Hackathon_] [restartedMain] JpaBaseConfiguration$JpaWebConfiguration : spring.jpa.open-in-view is enabled by default. Therefore, database queries may be performed during view rendering. Explicitly configure spring.jpa.open-in-view to disable this warning
2026-05-28T15:17:06.877+07:00  INFO 14476 --- [DinhTrongAn_Hackathon_] [restartedMain] o.e.DinhTrongAnHackathonApplication      : Started DinhTrongAnHackathonApplication in 1.099 seconds (process running for 298.168)
2026-05-28T15:17:08.274+07:00  INFO 14476 --- [DinhTrongAn_Hackathon_] [Thread-21] com.zaxxer.hikari.HikariDataSource       : HikariPool-6 - Shutdown initiated...
2026-05-28T15:17:08.280+07:00  INFO 14476 --- [DinhTrongAn_Hackathon_] [Thread-21] com.zaxxer.hikari.HikariDataSource       : HikariPool-6 - Shutdown completed.
2026-05-28T15:17:08.392+07:00  INFO 14476 --- [DinhTrongAn_Hackathon_] [restartedMain] o.e.DinhTrongAnHackathonApplication      : Starting DinhTrongAnHackathonApplication using Java 21.0.7 with PID 14476 (E:\Web\demoHackathon\DinhTrongAn_Hackathon_\build\classes\java\main started by Trong An in E:\Web\demoHackathon\DinhTrongAn_Hackathon_)
2026-05-28T15:17:08.393+07:00  INFO 14476 --- [DinhTrongAn_Hackathon_] [restartedMain] o.e.DinhTrongAnHackathonApplication      : No active profile set, falling back to 1 default profile: "default"
2026-05-28T15:17:09.228+07:00  INFO 14476 --- [DinhTrongAn_Hackathon_] [restartedMain] o.apache.catalina.core.StandardService   : Starting service [Tomcat]
2026-05-28T15:17:09.228+07:00  INFO 14476 --- [DinhTrongAn_Hackathon_] [restartedMain] o.apache.catalina.core.StandardEngine    : Starting Servlet engine: [Apache Tomcat/11.0.21]
2026-05-28T15:17:09.349+07:00  INFO 14476 --- [DinhTrongAn_Hackathon_] [restartedMain] org.hibernate.orm.jpa                    : HHH008540: Processing PersistenceUnitInfo [name: default]
2026-05-28T15:17:09.439+07:00  INFO 14476 --- [DinhTrongAn_Hackathon_] [restartedMain] com.zaxxer.hikari.HikariDataSource       : HikariPool-7 - Starting...
2026-05-28T15:17:09.449+07:00  INFO 14476 --- [DinhTrongAn_Hackathon_] [restartedMain] com.zaxxer.hikari.pool.HikariPool        : HikariPool-7 - Added connection com.mysql.cj.jdbc.ConnectionImpl@5c435116
2026-05-28T15:17:09.449+07:00  INFO 14476 --- [DinhTrongAn_Hackathon_] [restartedMain] com.zaxxer.hikari.HikariDataSource       : HikariPool-7 - Start completed.
2026-05-28T15:17:09.452+07:00  WARN 14476 --- [DinhTrongAn_Hackathon_] [restartedMain] org.hibernate.orm.deprecation            : HHH90000025: MySQLDialect does not need to be specified explicitly using 'hibernate.dialect' (remove the property setting and it will be selected by default)
2026-05-28T15:17:09.453+07:00  INFO 14476 --- [DinhTrongAn_Hackathon_] [restartedMain] org.hibernate.orm.connections.pooling    : HHH10001005: Database info:
	Database JDBC URL [jdbc:mysql://localhost:3306/Hakathon_it211?createDatabaseIfNotExist=true&useSSL=false&allowPublicKeyRetrieval=true]
	Database driver: MySQL Connector/J
	Database dialect: MySQLDialect
	Database version: 9.5
	Default catalog/schema: Hakathon_it211/undefined
	Autocommit mode: undefined/unknown
	Isolation level: REPEATABLE_READ [default REPEATABLE_READ]
	JDBC fetch size: none
	Pool: DataSourceConnectionProvider
	Minimum pool size: undefined/unknown
	Maximum pool size: undefined/unknown
2026-05-28T15:17:09.525+07:00  INFO 14476 --- [DinhTrongAn_Hackathon_] [restartedMain] org.hibernate.orm.core                   : HHH000489: No JTA platform available (set 'hibernate.transaction.jta.platform' to enable JTA platform integration)
2026-05-28T15:17:09.525+07:00  INFO 14476 --- [DinhTrongAn_Hackathon_] [restartedMain] org.hibernate.orm.jdbc.batch             : HHH100501: Automatic JDBC statement batching enabled (maximum batch size 20)
2026-05-28T15:17:09.663+07:00  WARN 14476 --- [DinhTrongAn_Hackathon_] [restartedMain] JpaBaseConfiguration$JpaWebConfiguration : spring.jpa.open-in-view is enabled by default. Therefore, database queries may be performed during view rendering. Explicitly configure spring.jpa.open-in-view to disable this warning
2026-05-28T15:17:09.818+07:00  INFO 14476 --- [DinhTrongAn_Hackathon_] [restartedMain] o.e.DinhTrongAnHackathonApplication      : Started DinhTrongAnHackathonApplication in 1.459 seconds (process running for 301.109)
2026-05-28T15:21:32.545+07:00  INFO 14476 --- [DinhTrongAn_Hackathon_] [Thread-25] com.zaxxer.hikari.HikariDataSource       : HikariPool-7 - Shutdown initiated...
2026-05-28T15:21:32.554+07:00  INFO 14476 --- [DinhTrongAn_Hackathon_] [Thread-25] com.zaxxer.hikari.HikariDataSource       : HikariPool-7 - Shutdown completed.
2026-05-28T15:21:32.735+07:00  INFO 14476 --- [DinhTrongAn_Hackathon_] [restartedMain] o.e.DinhTrongAnHackathonApplication      : Starting DinhTrongAnHackathonApplication using Java 21.0.7 with PID 14476 (E:\Web\demoHackathon\DinhTrongAn_Hackathon_\build\classes\java\main started by Trong An in E:\Web\demoHackathon\DinhTrongAn_Hackathon_)
2026-05-28T15:21:32.735+07:00  INFO 14476 --- [DinhTrongAn_Hackathon_] [restartedMain] o.e.DinhTrongAnHackathonApplication      : No active profile set, falling back to 1 default profile: "default"
2026-05-28T15:21:33.262+07:00  INFO 14476 --- [DinhTrongAn_Hackathon_] [restartedMain] o.apache.catalina.core.StandardService   : Starting service [Tomcat]
2026-05-28T15:21:33.262+07:00  INFO 14476 --- [DinhTrongAn_Hackathon_] [restartedMain] o.apache.catalina.core.StandardEngine    : Starting Servlet engine: [Apache Tomcat/11.0.21]
2026-05-28T15:21:33.394+07:00  INFO 14476 --- [DinhTrongAn_Hackathon_] [restartedMain] org.hibernate.orm.jpa                    : HHH008540: Processing PersistenceUnitInfo [name: default]
2026-05-28T15:21:33.461+07:00  INFO 14476 --- [DinhTrongAn_Hackathon_] [restartedMain] com.zaxxer.hikari.HikariDataSource       : HikariPool-8 - Starting...
2026-05-28T15:21:33.469+07:00  INFO 14476 --- [DinhTrongAn_Hackathon_] [restartedMain] com.zaxxer.hikari.pool.HikariPool        : HikariPool-8 - Added connection com.mysql.cj.jdbc.ConnectionImpl@5618c7bc
2026-05-28T15:21:33.469+07:00  INFO 14476 --- [DinhTrongAn_Hackathon_] [restartedMain] com.zaxxer.hikari.HikariDataSource       : HikariPool-8 - Start completed.
2026-05-28T15:21:33.477+07:00  WARN 14476 --- [DinhTrongAn_Hackathon_] [restartedMain] org.hibernate.orm.deprecation            : HHH90000025: MySQLDialect does not need to be specified explicitly using 'hibernate.dialect' (remove the property setting and it will be selected by default)
2026-05-28T15:21:33.477+07:00  INFO 14476 --- [DinhTrongAn_Hackathon_] [restartedMain] org.hibernate.orm.connections.pooling    : HHH10001005: Database info:
	Database JDBC URL [jdbc:mysql://localhost:3306/Hakathon_it211?createDatabaseIfNotExist=true&useSSL=false&allowPublicKeyRetrieval=true]
	Database driver: MySQL Connector/J
	Database dialect: MySQLDialect
	Database version: 9.5
	Default catalog/schema: Hakathon_it211/undefined
	Autocommit mode: undefined/unknown
	Isolation level: REPEATABLE_READ [default REPEATABLE_READ]
	JDBC fetch size: none
	Pool: DataSourceConnectionProvider
	Minimum pool size: undefined/unknown
	Maximum pool size: undefined/unknown
2026-05-28T15:21:33.585+07:00  INFO 14476 --- [DinhTrongAn_Hackathon_] [restartedMain] org.hibernate.orm.core                   : HHH000489: No JTA platform available (set 'hibernate.transaction.jta.platform' to enable JTA platform integration)
2026-05-28T15:21:33.585+07:00  INFO 14476 --- [DinhTrongAn_Hackathon_] [restartedMain] org.hibernate.orm.jdbc.batch             : HHH100501: Automatic JDBC statement batching enabled (maximum batch size 20)
2026-05-28T15:21:33.658+07:00  WARN 14476 --- [DinhTrongAn_Hackathon_] [restartedMain] JpaBaseConfiguration$JpaWebConfiguration : spring.jpa.open-in-view is enabled by default. Therefore, database queries may be performed during view rendering. Explicitly configure spring.jpa.open-in-view to disable this warning
2026-05-28T15:21:33.907+07:00  INFO 14476 --- [DinhTrongAn_Hackathon_] [restartedMain] o.e.DinhTrongAnHackathonApplication      : Started DinhTrongAnHackathonApplication in 1.231 seconds (process running for 565.205)
2026-05-28T15:21:36.344+07:00  INFO 14476 --- [DinhTrongAn_Hackathon_] [Thread-29] com.zaxxer.hikari.HikariDataSource       : HikariPool-8 - Shutdown initiated...
2026-05-28T15:21:36.360+07:00  INFO 14476 --- [DinhTrongAn_Hackathon_] [Thread-29] com.zaxxer.hikari.HikariDataSource       : HikariPool-8 - Shutdown completed.
2026-05-28T15:21:36.568+07:00  INFO 14476 --- [DinhTrongAn_Hackathon_] [restartedMain] o.e.DinhTrongAnHackathonApplication      : Starting DinhTrongAnHackathonApplication using Java 21.0.7 with PID 14476 (E:\Web\demoHackathon\DinhTrongAn_Hackathon_\build\classes\java\main started by Trong An in E:\Web\demoHackathon\DinhTrongAn_Hackathon_)
2026-05-28T15:21:36.568+07:00  INFO 14476 --- [DinhTrongAn_Hackathon_] [restartedMain] o.e.DinhTrongAnHackathonApplication      : No active profile set, falling back to 1 default profile: "default"
2026-05-28T15:21:37.238+07:00  INFO 14476 --- [DinhTrongAn_Hackathon_] [restartedMain] o.apache.catalina.core.StandardService   : Starting service [Tomcat]
2026-05-28T15:21:37.238+07:00  INFO 14476 --- [DinhTrongAn_Hackathon_] [restartedMain] o.apache.catalina.core.StandardEngine    : Starting Servlet engine: [Apache Tomcat/11.0.21]
2026-05-28T15:21:37.432+07:00  INFO 14476 --- [DinhTrongAn_Hackathon_] [restartedMain] org.hibernate.orm.jpa                    : HHH008540: Processing PersistenceUnitInfo [name: default]
2026-05-28T15:21:37.505+07:00  INFO 14476 --- [DinhTrongAn_Hackathon_] [restartedMain] com.zaxxer.hikari.HikariDataSource       : HikariPool-9 - Starting...
2026-05-28T15:21:37.514+07:00  INFO 14476 --- [DinhTrongAn_Hackathon_] [restartedMain] com.zaxxer.hikari.pool.HikariPool        : HikariPool-9 - Added connection com.mysql.cj.jdbc.ConnectionImpl@7a245f93
2026-05-28T15:21:37.514+07:00  INFO 14476 --- [DinhTrongAn_Hackathon_] [restartedMain] com.zaxxer.hikari.HikariDataSource       : HikariPool-9 - Start completed.
2026-05-28T15:21:37.514+07:00  WARN 14476 --- [DinhTrongAn_Hackathon_] [restartedMain] org.hibernate.orm.deprecation            : HHH90000025: MySQLDialect does not need to be specified explicitly using 'hibernate.dialect' (remove the property setting and it will be selected by default)
2026-05-28T15:21:37.521+07:00  INFO 14476 --- [DinhTrongAn_Hackathon_] [restartedMain] org.hibernate.orm.connections.pooling    : HHH10001005: Database info:
	Database JDBC URL [jdbc:mysql://localhost:3306/Hakathon_it211?createDatabaseIfNotExist=true&useSSL=false&allowPublicKeyRetrieval=true]
	Database driver: MySQL Connector/J
	Database dialect: MySQLDialect
	Database version: 9.5
	Default catalog/schema: Hakathon_it211/undefined
	Autocommit mode: undefined/unknown
	Isolation level: REPEATABLE_READ [default REPEATABLE_READ]
	JDBC fetch size: none
	Pool: DataSourceConnectionProvider
	Minimum pool size: undefined/unknown
	Maximum pool size: undefined/unknown
2026-05-28T15:21:37.612+07:00  INFO 14476 --- [DinhTrongAn_Hackathon_] [restartedMain] org.hibernate.orm.core                   : HHH000489: No JTA platform available (set 'hibernate.transaction.jta.platform' to enable JTA platform integration)
2026-05-28T15:21:37.612+07:00  INFO 14476 --- [DinhTrongAn_Hackathon_] [restartedMain] org.hibernate.orm.jdbc.batch             : HHH100501: Automatic JDBC statement batching enabled (maximum batch size 20)
2026-05-28T15:21:37.801+07:00  WARN 14476 --- [DinhTrongAn_Hackathon_] [restartedMain] JpaBaseConfiguration$JpaWebConfiguration : spring.jpa.open-in-view is enabled by default. Therefore, database queries may be performed during view rendering. Explicitly configure spring.jpa.open-in-view to disable this warning
2026-05-28T15:21:38.056+07:00  INFO 14476 --- [DinhTrongAn_Hackathon_] [restartedMain] o.e.DinhTrongAnHackathonApplication      : Started DinhTrongAnHackathonApplication in 1.587 seconds (process running for 569.352)
2026-05-28T15:21:39.076+07:00  INFO 14476 --- [DinhTrongAn_Hackathon_] [http-nio-8080-exec-2] o.a.c.c.C.[Tomcat].[localhost].[/]       : Initializing Spring DispatcherServlet 'dispatcherServlet'
2026-05-28T15:21:39.240+07:00  WARN 14476 --- [DinhTrongAn_Hackathon_] [http-nio-8080-exec-2] .w.s.m.s.DefaultHandlerExceptionResolver : Resolved [org.springframework.http.converter.HttpMessageNotReadableException: JSON parse error: Cannot map `null` into type `double` (set `DeserializationFeature.FAIL_ON_NULL_FOR_PRIMITIVES` to 'false' to allow)]
2026-05-28T15:21:40.770+07:00  WARN 14476 --- [DinhTrongAn_Hackathon_] [http-nio-8080-exec-4] .w.s.m.s.DefaultHandlerExceptionResolver : Resolved [org.springframework.http.converter.HttpMessageNotReadableException: JSON parse error: Cannot map `null` into type `double` (set `DeserializationFeature.FAIL_ON_NULL_FOR_PRIMITIVES` to 'false' to allow)]
2026-05-28T15:21:42.091+07:00  WARN 14476 --- [DinhTrongAn_Hackathon_] [http-nio-8080-exec-6] .w.s.m.s.DefaultHandlerExceptionResolver : Resolved [org.springframework.http.converter.HttpMessageNotReadableException: JSON parse error: Cannot map `null` into type `double` (set `DeserializationFeature.FAIL_ON_NULL_FOR_PRIMITIVES` to 'false' to allow)]
2026-05-28T15:21:43.262+07:00  WARN 14476 --- [DinhTrongAn_Hackathon_] [http-nio-8080-exec-8] .w.s.m.s.DefaultHandlerExceptionResolver : Resolved [org.springframework.http.converter.HttpMessageNotReadableException: JSON parse error: Cannot map `null` into type `double` (set `DeserializationFeature.FAIL_ON_NULL_FOR_PRIMITIVES` to 'false' to allow)]
2026-05-28T15:21:49.008+07:00  INFO 14476 --- [DinhTrongAn_Hackathon_] [SpringApplicationShutdownHook] com.zaxxer.hikari.HikariDataSource       : HikariPool-9 - Shutdown initiated...
2026-05-28T15:21:49.010+07:00  INFO 14476 --- [DinhTrongAn_Hackathon_] [SpringApplicationShutdownHook] com.zaxxer.hikari.HikariDataSource       : HikariPool-9 - Shutdown completed.
2026-05-28T15:21:51.725+07:00  INFO 12384 --- [DinhTrongAn_Hackathon_] [restartedMain] o.e.DinhTrongAnHackathonApplication      : Starting DinhTrongAnHackathonApplication using Java 21.0.7 with PID 12384 (E:\Web\demoHackathon\DinhTrongAn_Hackathon_\build\classes\java\main started by Trong An in E:\Web\demoHackathon\DinhTrongAn_Hackathon_)
2026-05-28T15:21:51.729+07:00  INFO 12384 --- [DinhTrongAn_Hackathon_] [restartedMain] o.e.DinhTrongAnHackathonApplication      : No active profile set, falling back to 1 default profile: "default"
2026-05-28T15:21:53.261+07:00  INFO 12384 --- [DinhTrongAn_Hackathon_] [restartedMain] o.apache.catalina.core.StandardService   : Starting service [Tomcat]
2026-05-28T15:21:53.261+07:00  INFO 12384 --- [DinhTrongAn_Hackathon_] [restartedMain] o.apache.catalina.core.StandardEngine    : Starting Servlet engine: [Apache Tomcat/11.0.21]
2026-05-28T15:21:53.591+07:00  INFO 12384 --- [DinhTrongAn_Hackathon_] [restartedMain] org.hibernate.orm.jpa                    : HHH008540: Processing PersistenceUnitInfo [name: default]
2026-05-28T15:21:53.694+07:00  INFO 12384 --- [DinhTrongAn_Hackathon_] [restartedMain] org.hibernate.orm.core                   : HHH000001: Hibernate ORM core version 7.2.12.Final
2026-05-28T15:21:54.463+07:00  INFO 12384 --- [DinhTrongAn_Hackathon_] [restartedMain] com.zaxxer.hikari.HikariDataSource       : HikariPool-1 - Starting...
2026-05-28T15:21:54.714+07:00  INFO 12384 --- [DinhTrongAn_Hackathon_] [restartedMain] com.zaxxer.hikari.pool.HikariPool        : HikariPool-1 - Added connection com.mysql.cj.jdbc.ConnectionImpl@3c4c75e7
2026-05-28T15:21:54.717+07:00  INFO 12384 --- [DinhTrongAn_Hackathon_] [restartedMain] com.zaxxer.hikari.HikariDataSource       : HikariPool-1 - Start completed.
2026-05-28T15:21:54.809+07:00  WARN 12384 --- [DinhTrongAn_Hackathon_] [restartedMain] org.hibernate.orm.deprecation            : HHH90000025: MySQLDialect does not need to be specified explicitly using 'hibernate.dialect' (remove the property setting and it will be selected by default)
2026-05-28T15:21:54.844+07:00  INFO 12384 --- [DinhTrongAn_Hackathon_] [restartedMain] org.hibernate.orm.connections.pooling    : HHH10001005: Database info:
	Database JDBC URL [jdbc:mysql://localhost:3306/Hakathon_it211?createDatabaseIfNotExist=true&useSSL=false&allowPublicKeyRetrieval=true]
	Database driver: MySQL Connector/J
	Database dialect: MySQLDialect
	Database version: 9.5
	Default catalog/schema: Hakathon_it211/undefined
	Autocommit mode: undefined/unknown
	Isolation level: REPEATABLE_READ [default REPEATABLE_READ]
	JDBC fetch size: none
	Pool: DataSourceConnectionProvider
	Minimum pool size: undefined/unknown
	Maximum pool size: undefined/unknown
2026-05-28T15:21:55.982+07:00  INFO 12384 --- [DinhTrongAn_Hackathon_] [restartedMain] org.hibernate.orm.core                   : HHH000489: No JTA platform available (set 'hibernate.transaction.jta.platform' to enable JTA platform integration)
2026-05-28T15:21:55.989+07:00  INFO 12384 --- [DinhTrongAn_Hackathon_] [restartedMain] org.hibernate.orm.jdbc.batch             : HHH100501: Automatic JDBC statement batching enabled (maximum batch size 20)
2026-05-28T15:21:57.512+07:00  WARN 12384 --- [DinhTrongAn_Hackathon_] [restartedMain] JpaBaseConfiguration$JpaWebConfiguration : spring.jpa.open-in-view is enabled by default. Therefore, database queries may be performed during view rendering. Explicitly configure spring.jpa.open-in-view to disable this warning
2026-05-28T15:21:58.107+07:00  INFO 12384 --- [DinhTrongAn_Hackathon_] [restartedMain] o.e.DinhTrongAnHackathonApplication      : Started DinhTrongAnHackathonApplication in 6.855 seconds (process running for 7.715)
2026-05-28T15:22:04.131+07:00  INFO 12384 --- [DinhTrongAn_Hackathon_] [http-nio-8080-exec-2] o.a.c.c.C.[Tomcat].[localhost].[/]       : Initializing Spring DispatcherServlet 'dispatcherServlet'
2026-05-28T15:22:04.367+07:00  WARN 12384 --- [DinhTrongAn_Hackathon_] [http-nio-8080-exec-2] .w.s.m.s.DefaultHandlerExceptionResolver : Resolved [org.springframework.http.converter.HttpMessageNotReadableException: JSON parse error: Cannot map `null` into type `double` (set `DeserializationFeature.FAIL_ON_NULL_FOR_PRIMITIVES` to 'false' to allow)]
2026-05-28T15:22:05.644+07:00  WARN 12384 --- [DinhTrongAn_Hackathon_] [http-nio-8080-exec-4] .w.s.m.s.DefaultHandlerExceptionResolver : Resolved [org.springframework.http.converter.HttpMessageNotReadableException: JSON parse error: Cannot map `null` into type `double` (set `DeserializationFeature.FAIL_ON_NULL_FOR_PRIMITIVES` to 'false' to allow)]
2026-05-28T15:22:06.795+07:00  WARN 12384 --- [DinhTrongAn_Hackathon_] [http-nio-8080-exec-8] .w.s.m.s.DefaultHandlerExceptionResolver : Resolved [org.springframework.http.converter.HttpMessageNotReadableException: JSON parse error: Cannot map `null` into type `double` (set `DeserializationFeature.FAIL_ON_NULL_FOR_PRIMITIVES` to 'false' to allow)]
2026-05-28T15:22:07.905+07:00  WARN 12384 --- [DinhTrongAn_Hackathon_] [http-nio-8080-exec-5] .w.s.m.s.DefaultHandlerExceptionResolver : Resolved [org.springframework.http.converter.HttpMessageNotReadableException: JSON parse error: Cannot map `null` into type `double` (set `DeserializationFeature.FAIL_ON_NULL_FOR_PRIMITIVES` to 'false' to allow)]
2026-05-28T15:22:08.909+07:00  WARN 12384 --- [DinhTrongAn_Hackathon_] [http-nio-8080-exec-10] .w.s.m.s.DefaultHandlerExceptionResolver : Resolved [org.springframework.http.converter.HttpMessageNotReadableException: JSON parse error: Cannot map `null` into type `double` (set `DeserializationFeature.FAIL_ON_NULL_FOR_PRIMITIVES` to 'false' to allow)]
2026-05-28T15:22:09.876+07:00  WARN 12384 --- [DinhTrongAn_Hackathon_] [http-nio-8080-exec-1] .w.s.m.s.DefaultHandlerExceptionResolver : Resolved [org.springframework.http.converter.HttpMessageNotReadableException: JSON parse error: Cannot map `null` into type `double` (set `DeserializationFeature.FAIL_ON_NULL_FOR_PRIMITIVES` to 'false' to allow)]
2026-05-28T15:22:10.961+07:00  WARN 12384 --- [DinhTrongAn_Hackathon_] [http-nio-8080-exec-4] .w.s.m.s.DefaultHandlerExceptionResolver : Resolved [org.springframework.http.converter.HttpMessageNotReadableException: JSON parse error: Cannot map `null` into type `double` (set `DeserializationFeature.FAIL_ON_NULL_FOR_PRIMITIVES` to 'false' to allow)]
2026-05-28T15:22:11.907+07:00  WARN 12384 --- [DinhTrongAn_Hackathon_] [http-nio-8080-exec-8] .w.s.m.s.DefaultHandlerExceptionResolver : Resolved [org.springframework.http.converter.HttpMessageNotReadableException: JSON parse error: Cannot map `null` into type `double` (set `DeserializationFeature.FAIL_ON_NULL_FOR_PRIMITIVES` to 'false' to allow)]
2026-05-28T15:22:23.109+07:00  WARN 12384 --- [DinhTrongAn_Hackathon_] [http-nio-8080-exec-5] .w.s.m.s.DefaultHandlerExceptionResolver : Resolved [org.springframework.http.converter.HttpMessageNotReadableException: Required request body is missing: public org.springframework.http.ResponseEntity<org.example.dto.WatchResponseDto> org.example.controller.WatchController.create(org.example.dto.WatchRequestDto)]
2026-05-28T15:22:24.552+07:00  WARN 12384 --- [DinhTrongAn_Hackathon_] [http-nio-8080-exec-10] .w.s.m.s.DefaultHandlerExceptionResolver : Resolved [org.springframework.http.converter.HttpMessageNotReadableException: Required request body is missing: public org.springframework.http.ResponseEntity<org.example.dto.WatchResponseDto> org.example.controller.WatchController.create(org.example.dto.WatchRequestDto)]
2026-05-28T15:24:47.200+07:00  INFO 12384 --- [DinhTrongAn_Hackathon_] [SpringApplicationShutdownHook] com.zaxxer.hikari.HikariDataSource       : HikariPool-1 - Shutdown initiated...
2026-05-28T15:24:47.209+07:00  INFO 12384 --- [DinhTrongAn_Hackathon_] [SpringApplicationShutdownHook] com.zaxxer.hikari.HikariDataSource       : HikariPool-1 - Shutdown completed.
2026-05-28T15:24:53.346+07:00  INFO 14128 --- [DinhTrongAn_Hackathon_] [restartedMain] o.e.DinhTrongAnHackathonApplication      : Starting DinhTrongAnHackathonApplication using Java 21.0.7 with PID 14128 (E:\Web\demoHackathon\DinhTrongAn_Hackathon_\build\classes\java\main started by Trong An in E:\Web\demoHackathon\DinhTrongAn_Hackathon_)
2026-05-28T15:24:53.349+07:00  INFO 14128 --- [DinhTrongAn_Hackathon_] [restartedMain] o.e.DinhTrongAnHackathonApplication      : No active profile set, falling back to 1 default profile: "default"
2026-05-28T15:24:54.821+07:00  INFO 14128 --- [DinhTrongAn_Hackathon_] [restartedMain] o.apache.catalina.core.StandardService   : Starting service [Tomcat]
2026-05-28T15:24:54.823+07:00  INFO 14128 --- [DinhTrongAn_Hackathon_] [restartedMain] o.apache.catalina.core.StandardEngine    : Starting Servlet engine: [Apache Tomcat/11.0.21]
2026-05-28T15:24:55.109+07:00  INFO 14128 --- [DinhTrongAn_Hackathon_] [restartedMain] org.hibernate.orm.jpa                    : HHH008540: Processing PersistenceUnitInfo [name: default]
2026-05-28T15:24:55.166+07:00  INFO 14128 --- [DinhTrongAn_Hackathon_] [restartedMain] org.hibernate.orm.core                   : HHH000001: Hibernate ORM core version 7.2.12.Final
2026-05-28T15:24:55.766+07:00  INFO 14128 --- [DinhTrongAn_Hackathon_] [restartedMain] com.zaxxer.hikari.HikariDataSource       : HikariPool-1 - Starting...
2026-05-28T15:24:55.956+07:00  INFO 14128 --- [DinhTrongAn_Hackathon_] [restartedMain] com.zaxxer.hikari.pool.HikariPool        : HikariPool-1 - Added connection com.mysql.cj.jdbc.ConnectionImpl@1e410514
2026-05-28T15:24:55.959+07:00  INFO 14128 --- [DinhTrongAn_Hackathon_] [restartedMain] com.zaxxer.hikari.HikariDataSource       : HikariPool-1 - Start completed.
2026-05-28T15:24:56.036+07:00  WARN 14128 --- [DinhTrongAn_Hackathon_] [restartedMain] org.hibernate.orm.deprecation            : HHH90000025: MySQLDialect does not need to be specified explicitly using 'hibernate.dialect' (remove the property setting and it will be selected by default)
2026-05-28T15:24:56.056+07:00  INFO 14128 --- [DinhTrongAn_Hackathon_] [restartedMain] org.hibernate.orm.connections.pooling    : HHH10001005: Database info:
	Database JDBC URL [jdbc:mysql://localhost:3306/Hakathon_it211?createDatabaseIfNotExist=true&useSSL=false&allowPublicKeyRetrieval=true]
	Database driver: MySQL Connector/J
	Database dialect: MySQLDialect
	Database version: 9.5
	Default catalog/schema: Hakathon_it211/undefined
	Autocommit mode: undefined/unknown
	Isolation level: REPEATABLE_READ [default REPEATABLE_READ]
	JDBC fetch size: none
	Pool: DataSourceConnectionProvider
	Minimum pool size: undefined/unknown
	Maximum pool size: undefined/unknown
2026-05-28T15:24:57.110+07:00  INFO 14128 --- [DinhTrongAn_Hackathon_] [restartedMain] org.hibernate.orm.core                   : HHH000489: No JTA platform available (set 'hibernate.transaction.jta.platform' to enable JTA platform integration)
2026-05-28T15:24:57.117+07:00  INFO 14128 --- [DinhTrongAn_Hackathon_] [restartedMain] org.hibernate.orm.jdbc.batch             : HHH100501: Automatic JDBC statement batching enabled (maximum batch size 20)
2026-05-28T15:24:58.567+07:00  WARN 14128 --- [DinhTrongAn_Hackathon_] [restartedMain] JpaBaseConfiguration$JpaWebConfiguration : spring.jpa.open-in-view is enabled by default. Therefore, database queries may be performed during view rendering. Explicitly configure spring.jpa.open-in-view to disable this warning
2026-05-28T15:24:59.033+07:00  INFO 14128 --- [DinhTrongAn_Hackathon_] [restartedMain] o.e.DinhTrongAnHackathonApplication      : Started DinhTrongAnHackathonApplication in 6.16 seconds (process running for 6.973)
2026-05-28T15:25:03.907+07:00  INFO 14128 --- [DinhTrongAn_Hackathon_] [http-nio-8080-exec-1] o.a.c.c.C.[Tomcat].[localhost].[/]       : Initializing Spring DispatcherServlet 'dispatcherServlet'
2026-05-28T15:25:04.149+07:00  WARN 14128 --- [DinhTrongAn_Hackathon_] [http-nio-8080-exec-1] .w.s.m.s.DefaultHandlerExceptionResolver : Resolved [org.springframework.http.converter.HttpMessageNotReadableException: JSON parse error: Cannot map `null` into type `double` (set `DeserializationFeature.FAIL_ON_NULL_FOR_PRIMITIVES` to 'false' to allow)]
2026-05-28T15:25:05.356+07:00  WARN 14128 --- [DinhTrongAn_Hackathon_] [http-nio-8080-exec-9] .w.s.m.s.DefaultHandlerExceptionResolver : Resolved [org.springframework.http.converter.HttpMessageNotReadableException: JSON parse error: Cannot map `null` into type `double` (set `DeserializationFeature.FAIL_ON_NULL_FOR_PRIMITIVES` to 'false' to allow)]
2026-05-28T15:25:06.511+07:00  WARN 14128 --- [DinhTrongAn_Hackathon_] [http-nio-8080-exec-6] .w.s.m.s.DefaultHandlerExceptionResolver : Resolved [org.springframework.http.converter.HttpMessageNotReadableException: JSON parse error: Cannot map `null` into type `double` (set `DeserializationFeature.FAIL_ON_NULL_FOR_PRIMITIVES` to 'false' to allow)]
2026-05-28T15:25:08.741+07:00  WARN 14128 --- [DinhTrongAn_Hackathon_] [http-nio-8080-exec-8] .w.s.m.s.DefaultHandlerExceptionResolver : Resolved [org.springframework.http.converter.HttpMessageNotReadableException: JSON parse error: Cannot map `null` into type `double` (set `DeserializationFeature.FAIL_ON_NULL_FOR_PRIMITIVES` to 'false' to allow)]
2026-05-28T15:25:09.826+07:00  WARN 14128 --- [DinhTrongAn_Hackathon_] [http-nio-8080-exec-10] .w.s.m.s.DefaultHandlerExceptionResolver : Resolved [org.springframework.http.converter.HttpMessageNotReadableException: JSON parse error: Cannot map `null` into type `double` (set `DeserializationFeature.FAIL_ON_NULL_FOR_PRIMITIVES` to 'false' to allow)]
2026-05-28T15:25:10.853+07:00  WARN 14128 --- [DinhTrongAn_Hackathon_] [http-nio-8080-exec-1] .w.s.m.s.DefaultHandlerExceptionResolver : Resolved [org.springframework.http.converter.HttpMessageNotReadableException: JSON parse error: Cannot map `null` into type `double` (set `DeserializationFeature.FAIL_ON_NULL_FOR_PRIMITIVES` to 'false' to allow)]
2026-05-28T15:26:22.348+07:00  WARN 14128 --- [DinhTrongAn_Hackathon_] [http-nio-8080-exec-9] .m.m.a.ExceptionHandlerExceptionResolver : Resolved [org.springframework.web.bind.MethodArgumentNotValidException: Validation failed for argument [0] in public org.springframework.http.ResponseEntity<org.example.dto.WatchResponseDto> org.example.controller.WatchController.create(org.example.dto.WatchRequestDto) with 3 errors: [Field error in object 'watchRequestDto' on field 'model_name': rejected value []; codes [NotBlank.watchRequestDto.model_name,NotBlank.model_name,NotBlank.java.lang.String,NotBlank]; arguments [org.springframework.context.support.DefaultMessageSourceResolvable: codes [watchRequestDto.model_name,model_name]; arguments []; default message [model_name]]; default message [khong duoc de trong]] [Field error in object 'watchRequestDto' on field 'brand': rejected value []; codes [NotBlank.watchRequestDto.brand,NotBlank.brand,NotBlank.java.lang.String,NotBlank]; arguments [org.springframework.context.support.DefaultMessageSourceResolvable: codes [watchRequestDto.brand,brand]; arguments []; default message [brand]]; default message [khong duoc de trong]] [Field error in object 'watchRequestDto' on field 'price': rejected value [-1.0]; codes [Min.watchRequestDto.price,Min.price,Min.double,Min]; arguments [org.springframework.context.support.DefaultMessageSourceResolvable: codes [watchRequestDto.price,price]; arguments []; default message [price],0]; default message [khong duoc la so am]] ]
2026-05-28T15:26:50.328+07:00 DEBUG 14128 --- [DinhTrongAn_Hackathon_] [http-nio-8080-exec-6] org.hibernate.SQL                        : 
    insert 
    into
        Watch
        (brand, model_name, movement_type, price, status) 
    values
        (?, ?, ?, ?, ?)
2026-05-28T15:27:44.292+07:00  INFO 14128 --- [DinhTrongAn_Hackathon_] [Thread-1] com.zaxxer.hikari.HikariDataSource       : HikariPool-1 - Shutdown initiated...
2026-05-28T15:27:44.300+07:00  INFO 14128 --- [DinhTrongAn_Hackathon_] [Thread-1] com.zaxxer.hikari.HikariDataSource       : HikariPool-1 - Shutdown completed.
2026-05-28T15:27:44.403+07:00  INFO 14128 --- [DinhTrongAn_Hackathon_] [restartedMain] o.e.DinhTrongAnHackathonApplication      : Starting DinhTrongAnHackathonApplication using Java 21.0.7 with PID 14128 (E:\Web\demoHackathon\DinhTrongAn_Hackathon_\build\classes\java\main started by Trong An in E:\Web\demoHackathon\DinhTrongAn_Hackathon_)
2026-05-28T15:27:44.405+07:00  INFO 14128 --- [DinhTrongAn_Hackathon_] [restartedMain] o.e.DinhTrongAnHackathonApplication      : No active profile set, falling back to 1 default profile: "default"
2026-05-28T15:27:44.712+07:00  INFO 14128 --- [DinhTrongAn_Hackathon_] [restartedMain] o.apache.catalina.core.StandardService   : Starting service [Tomcat]
2026-05-28T15:27:44.713+07:00  INFO 14128 --- [DinhTrongAn_Hackathon_] [restartedMain] o.apache.catalina.core.StandardEngine    : Starting Servlet engine: [Apache Tomcat/11.0.21]
2026-05-28T15:27:44.796+07:00  INFO 14128 --- [DinhTrongAn_Hackathon_] [restartedMain] org.hibernate.orm.jpa                    : HHH008540: Processing PersistenceUnitInfo [name: default]
2026-05-28T15:27:44.828+07:00  INFO 14128 --- [DinhTrongAn_Hackathon_] [restartedMain] com.zaxxer.hikari.HikariDataSource       : HikariPool-2 - Starting...
2026-05-28T15:27:44.836+07:00  INFO 14128 --- [DinhTrongAn_Hackathon_] [restartedMain] com.zaxxer.hikari.pool.HikariPool        : HikariPool-2 - Added connection com.mysql.cj.jdbc.ConnectionImpl@ad1e28a
2026-05-28T15:27:44.837+07:00  INFO 14128 --- [DinhTrongAn_Hackathon_] [restartedMain] com.zaxxer.hikari.HikariDataSource       : HikariPool-2 - Start completed.
2026-05-28T15:27:44.838+07:00  WARN 14128 --- [DinhTrongAn_Hackathon_] [restartedMain] org.hibernate.orm.deprecation            : HHH90000025: MySQLDialect does not need to be specified explicitly using 'hibernate.dialect' (remove the property setting and it will be selected by default)
2026-05-28T15:27:44.839+07:00  INFO 14128 --- [DinhTrongAn_Hackathon_] [restartedMain] org.hibernate.orm.connections.pooling    : HHH10001005: Database info:
	Database JDBC URL [jdbc:mysql://localhost:3306/Hakathon_it211?createDatabaseIfNotExist=true&useSSL=false&allowPublicKeyRetrieval=true]
	Database driver: MySQL Connector/J
	Database dialect: MySQLDialect
	Database version: 9.5
	Default catalog/schema: Hakathon_it211/undefined
	Autocommit mode: undefined/unknown
	Isolation level: REPEATABLE_READ [default REPEATABLE_READ]
	JDBC fetch size: none
	Pool: DataSourceConnectionProvider
	Minimum pool size: undefined/unknown
	Maximum pool size: undefined/unknown
2026-05-28T15:27:44.897+07:00  INFO 14128 --- [DinhTrongAn_Hackathon_] [restartedMain] org.hibernate.orm.core                   : HHH000489: No JTA platform available (set 'hibernate.transaction.jta.platform' to enable JTA platform integration)
2026-05-28T15:27:44.897+07:00  INFO 14128 --- [DinhTrongAn_Hackathon_] [restartedMain] org.hibernate.orm.jdbc.batch             : HHH100501: Automatic JDBC statement batching enabled (maximum batch size 20)
2026-05-28T15:27:44.991+07:00  WARN 14128 --- [DinhTrongAn_Hackathon_] [restartedMain] JpaBaseConfiguration$JpaWebConfiguration : spring.jpa.open-in-view is enabled by default. Therefore, database queries may be performed during view rendering. Explicitly configure spring.jpa.open-in-view to disable this warning
2026-05-28T15:27:45.122+07:00  INFO 14128 --- [DinhTrongAn_Hackathon_] [restartedMain] o.e.DinhTrongAnHackathonApplication      : Started DinhTrongAnHackathonApplication in 0.758 seconds (process running for 173.062)
2026-05-28T15:27:47.531+07:00  INFO 14128 --- [DinhTrongAn_Hackathon_] [Thread-5] com.zaxxer.hikari.HikariDataSource       : HikariPool-2 - Shutdown initiated...
2026-05-28T15:27:47.539+07:00  INFO 14128 --- [DinhTrongAn_Hackathon_] [Thread-5] com.zaxxer.hikari.HikariDataSource       : HikariPool-2 - Shutdown completed.
2026-05-28T15:27:47.645+07:00  INFO 14128 --- [DinhTrongAn_Hackathon_] [restartedMain] o.e.DinhTrongAnHackathonApplication      : Starting DinhTrongAnHackathonApplication using Java 21.0.7 with PID 14128 (E:\Web\demoHackathon\DinhTrongAn_Hackathon_\build\classes\java\main started by Trong An in E:\Web\demoHackathon\DinhTrongAn_Hackathon_)
2026-05-28T15:27:47.645+07:00  INFO 14128 --- [DinhTrongAn_Hackathon_] [restartedMain] o.e.DinhTrongAnHackathonApplication      : No active profile set, falling back to 1 default profile: "default"
2026-05-28T15:27:47.865+07:00  INFO 14128 --- [DinhTrongAn_Hackathon_] [restartedMain] o.apache.catalina.core.StandardService   : Starting service [Tomcat]
2026-05-28T15:27:47.865+07:00  INFO 14128 --- [DinhTrongAn_Hackathon_] [restartedMain] o.apache.catalina.core.StandardEngine    : Starting Servlet engine: [Apache Tomcat/11.0.21]
2026-05-28T15:27:47.988+07:00  INFO 14128 --- [DinhTrongAn_Hackathon_] [restartedMain] org.hibernate.orm.jpa                    : HHH008540: Processing PersistenceUnitInfo [name: default]
2026-05-28T15:27:48.020+07:00  INFO 14128 --- [DinhTrongAn_Hackathon_] [restartedMain] com.zaxxer.hikari.HikariDataSource       : HikariPool-3 - Starting...
2026-05-28T15:27:48.025+07:00  INFO 14128 --- [DinhTrongAn_Hackathon_] [restartedMain] com.zaxxer.hikari.pool.HikariPool        : HikariPool-3 - Added connection com.mysql.cj.jdbc.ConnectionImpl@74ed44cc
2026-05-28T15:27:48.025+07:00  INFO 14128 --- [DinhTrongAn_Hackathon_] [restartedMain] com.zaxxer.hikari.HikariDataSource       : HikariPool-3 - Start completed.
2026-05-28T15:27:48.026+07:00  WARN 14128 --- [DinhTrongAn_Hackathon_] [restartedMain] org.hibernate.orm.deprecation            : HHH90000025: MySQLDialect does not need to be specified explicitly using 'hibernate.dialect' (remove the property setting and it will be selected by default)
2026-05-28T15:27:48.026+07:00  INFO 14128 --- [DinhTrongAn_Hackathon_] [restartedMain] org.hibernate.orm.connections.pooling    : HHH10001005: Database info:
	Database JDBC URL [jdbc:mysql://localhost:3306/Hakathon_it211?createDatabaseIfNotExist=true&useSSL=false&allowPublicKeyRetrieval=true]
	Database driver: MySQL Connector/J
	Database dialect: MySQLDialect
	Database version: 9.5
	Default catalog/schema: Hakathon_it211/undefined
	Autocommit mode: undefined/unknown
	Isolation level: REPEATABLE_READ [default REPEATABLE_READ]
	JDBC fetch size: none
	Pool: DataSourceConnectionProvider
	Minimum pool size: undefined/unknown
	Maximum pool size: undefined/unknown
2026-05-28T15:27:48.070+07:00  INFO 14128 --- [DinhTrongAn_Hackathon_] [restartedMain] org.hibernate.orm.core                   : HHH000489: No JTA platform available (set 'hibernate.transaction.jta.platform' to enable JTA platform integration)
2026-05-28T15:27:48.071+07:00  INFO 14128 --- [DinhTrongAn_Hackathon_] [restartedMain] org.hibernate.orm.jdbc.batch             : HHH100501: Automatic JDBC statement batching enabled (maximum batch size 20)
2026-05-28T15:27:48.145+07:00  WARN 14128 --- [DinhTrongAn_Hackathon_] [restartedMain] JpaBaseConfiguration$JpaWebConfiguration : spring.jpa.open-in-view is enabled by default. Therefore, database queries may be performed during view rendering. Explicitly configure spring.jpa.open-in-view to disable this warning
2026-05-28T15:27:48.241+07:00  INFO 14128 --- [DinhTrongAn_Hackathon_] [restartedMain] o.e.DinhTrongAnHackathonApplication      : Started DinhTrongAnHackathonApplication in 0.626 seconds (process running for 176.181)
2026-05-28T15:27:55.777+07:00  INFO 14128 --- [DinhTrongAn_Hackathon_] [Thread-9] com.zaxxer.hikari.HikariDataSource       : HikariPool-3 - Shutdown initiated...
2026-05-28T15:27:55.785+07:00  INFO 14128 --- [DinhTrongAn_Hackathon_] [Thread-9] com.zaxxer.hikari.HikariDataSource       : HikariPool-3 - Shutdown completed.
2026-05-28T15:27:55.942+07:00  INFO 14128 --- [DinhTrongAn_Hackathon_] [restartedMain] o.e.DinhTrongAnHackathonApplication      : Starting DinhTrongAnHackathonApplication using Java 21.0.7 with PID 14128 (E:\Web\demoHackathon\DinhTrongAn_Hackathon_\build\classes\java\main started by Trong An in E:\Web\demoHackathon\DinhTrongAn_Hackathon_)
2026-05-28T15:27:55.942+07:00  INFO 14128 --- [DinhTrongAn_Hackathon_] [restartedMain] o.e.DinhTrongAnHackathonApplication      : No active profile set, falling back to 1 default profile: "default"
2026-05-28T15:27:56.474+07:00  INFO 14128 --- [DinhTrongAn_Hackathon_] [restartedMain] o.apache.catalina.core.StandardService   : Starting service [Tomcat]
2026-05-28T15:27:56.482+07:00  INFO 14128 --- [DinhTrongAn_Hackathon_] [restartedMain] o.apache.catalina.core.StandardEngine    : Starting Servlet engine: [Apache Tomcat/11.0.21]
2026-05-28T15:27:56.624+07:00  INFO 14128 --- [DinhTrongAn_Hackathon_] [restartedMain] org.hibernate.orm.jpa                    : HHH008540: Processing PersistenceUnitInfo [name: default]
2026-05-28T15:27:56.691+07:00  INFO 14128 --- [DinhTrongAn_Hackathon_] [restartedMain] com.zaxxer.hikari.HikariDataSource       : HikariPool-4 - Starting...
2026-05-28T15:27:56.707+07:00  INFO 14128 --- [DinhTrongAn_Hackathon_] [restartedMain] com.zaxxer.hikari.pool.HikariPool        : HikariPool-4 - Added connection com.mysql.cj.jdbc.ConnectionImpl@51d80f
2026-05-28T15:27:56.707+07:00  INFO 14128 --- [DinhTrongAn_Hackathon_] [restartedMain] com.zaxxer.hikari.HikariDataSource       : HikariPool-4 - Start completed.
2026-05-28T15:27:56.707+07:00  WARN 14128 --- [DinhTrongAn_Hackathon_] [restartedMain] org.hibernate.orm.deprecation            : HHH90000025: MySQLDialect does not need to be specified explicitly using 'hibernate.dialect' (remove the property setting and it will be selected by default)
2026-05-28T15:27:56.713+07:00  INFO 14128 --- [DinhTrongAn_Hackathon_] [restartedMain] org.hibernate.orm.connections.pooling    : HHH10001005: Database info:
	Database JDBC URL [jdbc:mysql://localhost:3306/Hakathon_it211?createDatabaseIfNotExist=true&useSSL=false&allowPublicKeyRetrieval=true]
	Database driver: MySQL Connector/J
	Database dialect: MySQLDialect
	Database version: 9.5
	Default catalog/schema: Hakathon_it211/undefined
	Autocommit mode: undefined/unknown
	Isolation level: REPEATABLE_READ [default REPEATABLE_READ]
	JDBC fetch size: none
	Pool: DataSourceConnectionProvider
	Minimum pool size: undefined/unknown
	Maximum pool size: undefined/unknown
2026-05-28T15:27:56.832+07:00  INFO 14128 --- [DinhTrongAn_Hackathon_] [restartedMain] org.hibernate.orm.core                   : HHH000489: No JTA platform available (set 'hibernate.transaction.jta.platform' to enable JTA platform integration)
2026-05-28T15:27:56.832+07:00  INFO 14128 --- [DinhTrongAn_Hackathon_] [restartedMain] org.hibernate.orm.jdbc.batch             : HHH100501: Automatic JDBC statement batching enabled (maximum batch size 20)
2026-05-28T15:27:56.973+07:00  WARN 14128 --- [DinhTrongAn_Hackathon_] [restartedMain] JpaBaseConfiguration$JpaWebConfiguration : spring.jpa.open-in-view is enabled by default. Therefore, database queries may be performed during view rendering. Explicitly configure spring.jpa.open-in-view to disable this warning
2026-05-28T15:27:57.173+07:00  INFO 14128 --- [DinhTrongAn_Hackathon_] [restartedMain] o.e.DinhTrongAnHackathonApplication      : Started DinhTrongAnHackathonApplication in 1.289 seconds (process running for 185.114)
2026-05-28T15:27:58.597+07:00  INFO 14128 --- [DinhTrongAn_Hackathon_] [Thread-13] com.zaxxer.hikari.HikariDataSource       : HikariPool-4 - Shutdown initiated...
2026-05-28T15:27:58.603+07:00  INFO 14128 --- [DinhTrongAn_Hackathon_] [Thread-13] com.zaxxer.hikari.HikariDataSource       : HikariPool-4 - Shutdown completed.
2026-05-28T15:27:58.724+07:00  INFO 14128 --- [DinhTrongAn_Hackathon_] [restartedMain] o.e.DinhTrongAnHackathonApplication      : Starting DinhTrongAnHackathonApplication using Java 21.0.7 with PID 14128 (E:\Web\demoHackathon\DinhTrongAn_Hackathon_\build\classes\java\main started by Trong An in E:\Web\demoHackathon\DinhTrongAn_Hackathon_)
2026-05-28T15:27:58.724+07:00  INFO 14128 --- [DinhTrongAn_Hackathon_] [restartedMain] o.e.DinhTrongAnHackathonApplication      : No active profile set, falling back to 1 default profile: "default"
2026-05-28T15:27:59.071+07:00  INFO 14128 --- [DinhTrongAn_Hackathon_] [restartedMain] o.apache.catalina.core.StandardService   : Starting service [Tomcat]
2026-05-28T15:27:59.071+07:00  INFO 14128 --- [DinhTrongAn_Hackathon_] [restartedMain] o.apache.catalina.core.StandardEngine    : Starting Servlet engine: [Apache Tomcat/11.0.21]
2026-05-28T15:27:59.576+07:00  INFO 14128 --- [DinhTrongAn_Hackathon_] [restartedMain] org.hibernate.orm.jpa                    : HHH008540: Processing PersistenceUnitInfo [name: default]
2026-05-28T15:27:59.660+07:00  INFO 14128 --- [DinhTrongAn_Hackathon_] [restartedMain] com.zaxxer.hikari.HikariDataSource       : HikariPool-5 - Starting...
2026-05-28T15:27:59.676+07:00  INFO 14128 --- [DinhTrongAn_Hackathon_] [restartedMain] com.zaxxer.hikari.pool.HikariPool        : HikariPool-5 - Added connection com.mysql.cj.jdbc.ConnectionImpl@79f26514
2026-05-28T15:27:59.676+07:00  INFO 14128 --- [DinhTrongAn_Hackathon_] [restartedMain] com.zaxxer.hikari.HikariDataSource       : HikariPool-5 - Start completed.
2026-05-28T15:27:59.676+07:00  WARN 14128 --- [DinhTrongAn_Hackathon_] [restartedMain] org.hibernate.orm.deprecation            : HHH90000025: MySQLDialect does not need to be specified explicitly using 'hibernate.dialect' (remove the property setting and it will be selected by default)
2026-05-28T15:27:59.683+07:00  INFO 14128 --- [DinhTrongAn_Hackathon_] [restartedMain] org.hibernate.orm.connections.pooling    : HHH10001005: Database info:
	Database JDBC URL [jdbc:mysql://localhost:3306/Hakathon_it211?createDatabaseIfNotExist=true&useSSL=false&allowPublicKeyRetrieval=true]
	Database driver: MySQL Connector/J
	Database dialect: MySQLDialect
	Database version: 9.5
	Default catalog/schema: Hakathon_it211/undefined
	Autocommit mode: undefined/unknown
	Isolation level: REPEATABLE_READ [default REPEATABLE_READ]
	JDBC fetch size: none
	Pool: DataSourceConnectionProvider
	Minimum pool size: undefined/unknown
	Maximum pool size: undefined/unknown
2026-05-28T15:27:59.825+07:00  INFO 14128 --- [DinhTrongAn_Hackathon_] [restartedMain] org.hibernate.orm.core                   : HHH000489: No JTA platform available (set 'hibernate.transaction.jta.platform' to enable JTA platform integration)
2026-05-28T15:27:59.825+07:00  INFO 14128 --- [DinhTrongAn_Hackathon_] [restartedMain] org.hibernate.orm.jdbc.batch             : HHH100501: Automatic JDBC statement batching enabled (maximum batch size 20)
2026-05-28T15:27:59.966+07:00  WARN 14128 --- [DinhTrongAn_Hackathon_] [restartedMain] JpaBaseConfiguration$JpaWebConfiguration : spring.jpa.open-in-view is enabled by default. Therefore, database queries may be performed during view rendering. Explicitly configure spring.jpa.open-in-view to disable this warning
2026-05-28T15:28:00.173+07:00  INFO 14128 --- [DinhTrongAn_Hackathon_] [restartedMain] o.e.DinhTrongAnHackathonApplication      : Started DinhTrongAnHackathonApplication in 1.492 seconds (process running for 188.117)
2026-05-28T15:28:12.454+07:00  INFO 14128 --- [DinhTrongAn_Hackathon_] [http-nio-8080-exec-2] o.a.c.c.C.[Tomcat].[localhost].[/]       : Initializing Spring DispatcherServlet 'dispatcherServlet'
2026-05-28T15:28:12.480+07:00 DEBUG 14128 --- [DinhTrongAn_Hackathon_] [http-nio-8080-exec-2] org.hibernate.SQL                        : 
    insert 
    into
        Watch
        (brand, model_name, movement_type, price, status) 
    values
        (?, ?, ?, ?, ?)
2026-05-28T15:28:26.438+07:00 DEBUG 14128 --- [DinhTrongAn_Hackathon_] [http-nio-8080-exec-3] org.hibernate.SQL                        : 
    select
        w1_0.id,
        w1_0.brand,
        w1_0.model_name,
        w1_0.movement_type,
        w1_0.price,
        w1_0.status 
    from
        Watch w1_0 
    where
        lower(w1_0.model_name) like lower(concat('%', ?, '%')) escape '' 
        or lower(w1_0.brand) like lower(concat('%', ?, '%')) escape '' 
    limit
        ?
2026-05-28T15:28:54.833+07:00 DEBUG 14128 --- [DinhTrongAn_Hackathon_] [http-nio-8080-exec-5] org.hibernate.SQL                        : 
    select
        w1_0.id,
        w1_0.brand,
        w1_0.model_name,
        w1_0.movement_type,
        w1_0.price,
        w1_0.status 
    from
        Watch w1_0 
    where
        lower(w1_0.model_name) like lower(concat('%', ?, '%')) escape '' 
        or lower(w1_0.brand) like lower(concat('%', ?, '%')) escape '' 
    limit
        ?
2026-05-28T15:33:08.337+07:00  INFO 14128 --- [DinhTrongAn_Hackathon_] [Thread-17] com.zaxxer.hikari.HikariDataSource       : HikariPool-5 - Shutdown initiated...
2026-05-28T15:33:08.343+07:00  INFO 14128 --- [DinhTrongAn_Hackathon_] [Thread-17] com.zaxxer.hikari.HikariDataSource       : HikariPool-5 - Shutdown completed.
2026-05-28T15:33:08.474+07:00  INFO 14128 --- [DinhTrongAn_Hackathon_] [restartedMain] o.e.DinhTrongAnHackathonApplication      : Starting DinhTrongAnHackathonApplication using Java 21.0.7 with PID 14128 (E:\Web\demoHackathon\DinhTrongAn_Hackathon_\build\classes\java\main started by Trong An in E:\Web\demoHackathon\DinhTrongAn_Hackathon_)
2026-05-28T15:33:08.474+07:00  INFO 14128 --- [DinhTrongAn_Hackathon_] [restartedMain] o.e.DinhTrongAnHackathonApplication      : No active profile set, falling back to 1 default profile: "default"
2026-05-28T15:33:09.103+07:00  INFO 14128 --- [DinhTrongAn_Hackathon_] [restartedMain] o.apache.catalina.core.StandardService   : Starting service [Tomcat]
2026-05-28T15:33:09.103+07:00  INFO 14128 --- [DinhTrongAn_Hackathon_] [restartedMain] o.apache.catalina.core.StandardEngine    : Starting Servlet engine: [Apache Tomcat/11.0.21]
2026-05-28T15:33:09.243+07:00  INFO 14128 --- [DinhTrongAn_Hackathon_] [restartedMain] org.hibernate.orm.jpa                    : HHH008540: Processing PersistenceUnitInfo [name: default]
2026-05-28T15:33:09.340+07:00  INFO 14128 --- [DinhTrongAn_Hackathon_] [restartedMain] com.zaxxer.hikari.HikariDataSource       : HikariPool-6 - Starting...
2026-05-28T15:33:09.357+07:00  INFO 14128 --- [DinhTrongAn_Hackathon_] [restartedMain] com.zaxxer.hikari.pool.HikariPool        : HikariPool-6 - Added connection com.mysql.cj.jdbc.ConnectionImpl@7bab639c
2026-05-28T15:33:09.357+07:00  INFO 14128 --- [DinhTrongAn_Hackathon_] [restartedMain] com.zaxxer.hikari.HikariDataSource       : HikariPool-6 - Start completed.
2026-05-28T15:33:09.365+07:00  WARN 14128 --- [DinhTrongAn_Hackathon_] [restartedMain] org.hibernate.orm.deprecation            : HHH90000025: MySQLDialect does not need to be specified explicitly using 'hibernate.dialect' (remove the property setting and it will be selected by default)
2026-05-28T15:33:09.365+07:00  INFO 14128 --- [DinhTrongAn_Hackathon_] [restartedMain] org.hibernate.orm.connections.pooling    : HHH10001005: Database info:
	Database JDBC URL [jdbc:mysql://localhost:3306/Hakathon_it211?createDatabaseIfNotExist=true&useSSL=false&allowPublicKeyRetrieval=true]
	Database driver: MySQL Connector/J
	Database dialect: MySQLDialect
	Database version: 9.5
	Default catalog/schema: Hakathon_it211/undefined
	Autocommit mode: undefined/unknown
	Isolation level: REPEATABLE_READ [default REPEATABLE_READ]
	JDBC fetch size: none
	Pool: DataSourceConnectionProvider
	Minimum pool size: undefined/unknown
	Maximum pool size: undefined/unknown
2026-05-28T15:33:09.433+07:00  INFO 14128 --- [DinhTrongAn_Hackathon_] [restartedMain] org.hibernate.orm.core                   : HHH000489: No JTA platform available (set 'hibernate.transaction.jta.platform' to enable JTA platform integration)
2026-05-28T15:33:09.433+07:00  INFO 14128 --- [DinhTrongAn_Hackathon_] [restartedMain] org.hibernate.orm.jdbc.batch             : HHH100501: Automatic JDBC statement batching enabled (maximum batch size 20)
2026-05-28T15:33:09.516+07:00  WARN 14128 --- [DinhTrongAn_Hackathon_] [restartedMain] JpaBaseConfiguration$JpaWebConfiguration : spring.jpa.open-in-view is enabled by default. Therefore, database queries may be performed during view rendering. Explicitly configure spring.jpa.open-in-view to disable this warning
2026-05-28T15:33:09.766+07:00  INFO 14128 --- [DinhTrongAn_Hackathon_] [restartedMain] o.e.DinhTrongAnHackathonApplication      : Started DinhTrongAnHackathonApplication in 1.342 seconds (process running for 497.706)
2026-05-28T15:33:12.657+07:00  INFO 14128 --- [DinhTrongAn_Hackathon_] [Thread-21] com.zaxxer.hikari.HikariDataSource       : HikariPool-6 - Shutdown initiated...
2026-05-28T15:33:12.661+07:00  INFO 14128 --- [DinhTrongAn_Hackathon_] [Thread-21] com.zaxxer.hikari.HikariDataSource       : HikariPool-6 - Shutdown completed.
2026-05-28T15:33:12.807+07:00  INFO 14128 --- [DinhTrongAn_Hackathon_] [restartedMain] o.e.DinhTrongAnHackathonApplication      : Starting DinhTrongAnHackathonApplication using Java 21.0.7 with PID 14128 (E:\Web\demoHackathon\DinhTrongAn_Hackathon_\build\classes\java\main started by Trong An in E:\Web\demoHackathon\DinhTrongAn_Hackathon_)
2026-05-28T15:33:12.807+07:00  INFO 14128 --- [DinhTrongAn_Hackathon_] [restartedMain] o.e.DinhTrongAnHackathonApplication      : No active profile set, falling back to 1 default profile: "default"
2026-05-28T15:33:13.377+07:00  INFO 14128 --- [DinhTrongAn_Hackathon_] [restartedMain] o.apache.catalina.core.StandardService   : Starting service [Tomcat]
2026-05-28T15:33:13.377+07:00  INFO 14128 --- [DinhTrongAn_Hackathon_] [restartedMain] o.apache.catalina.core.StandardEngine    : Starting Servlet engine: [Apache Tomcat/11.0.21]
2026-05-28T15:33:13.510+07:00  INFO 14128 --- [DinhTrongAn_Hackathon_] [restartedMain] org.hibernate.orm.jpa                    : HHH008540: Processing PersistenceUnitInfo [name: default]
2026-05-28T15:33:13.571+07:00  INFO 14128 --- [DinhTrongAn_Hackathon_] [restartedMain] com.zaxxer.hikari.HikariDataSource       : HikariPool-7 - Starting...
2026-05-28T15:33:13.576+07:00  INFO 14128 --- [DinhTrongAn_Hackathon_] [restartedMain] com.zaxxer.hikari.pool.HikariPool        : HikariPool-7 - Added connection com.mysql.cj.jdbc.ConnectionImpl@199cf786
2026-05-28T15:33:13.576+07:00  INFO 14128 --- [DinhTrongAn_Hackathon_] [restartedMain] com.zaxxer.hikari.HikariDataSource       : HikariPool-7 - Start completed.
2026-05-28T15:33:13.576+07:00  WARN 14128 --- [DinhTrongAn_Hackathon_] [restartedMain] org.hibernate.orm.deprecation            : HHH90000025: MySQLDialect does not need to be specified explicitly using 'hibernate.dialect' (remove the property setting and it will be selected by default)
2026-05-28T15:33:13.576+07:00  INFO 14128 --- [DinhTrongAn_Hackathon_] [restartedMain] org.hibernate.orm.connections.pooling    : HHH10001005: Database info:
	Database JDBC URL [jdbc:mysql://localhost:3306/Hakathon_it211?createDatabaseIfNotExist=true&useSSL=false&allowPublicKeyRetrieval=true]
	Database driver: MySQL Connector/J
	Database dialect: MySQLDialect
	Database version: 9.5
	Default catalog/schema: Hakathon_it211/undefined
	Autocommit mode: undefined/unknown
	Isolation level: REPEATABLE_READ [default REPEATABLE_READ]
	JDBC fetch size: none
	Pool: DataSourceConnectionProvider
	Minimum pool size: undefined/unknown
	Maximum pool size: undefined/unknown
2026-05-28T15:33:13.668+07:00  INFO 14128 --- [DinhTrongAn_Hackathon_] [restartedMain] org.hibernate.orm.core                   : HHH000489: No JTA platform available (set 'hibernate.transaction.jta.platform' to enable JTA platform integration)
2026-05-28T15:33:13.668+07:00  INFO 14128 --- [DinhTrongAn_Hackathon_] [restartedMain] org.hibernate.orm.jdbc.batch             : HHH100501: Automatic JDBC statement batching enabled (maximum batch size 20)
2026-05-28T15:33:13.844+07:00  WARN 14128 --- [DinhTrongAn_Hackathon_] [restartedMain] JpaBaseConfiguration$JpaWebConfiguration : spring.jpa.open-in-view is enabled by default. Therefore, database queries may be performed during view rendering. Explicitly configure spring.jpa.open-in-view to disable this warning
2026-05-28T15:33:14.077+07:00  INFO 14128 --- [DinhTrongAn_Hackathon_] [restartedMain] o.e.DinhTrongAnHackathonApplication      : Started DinhTrongAnHackathonApplication in 1.312 seconds (process running for 502.018)
2026-05-28T15:33:28.532+07:00  INFO 14128 --- [DinhTrongAn_Hackathon_] [http-nio-8080-exec-2] o.a.c.c.C.[Tomcat].[localhost].[/]       : Initializing Spring DispatcherServlet 'dispatcherServlet'
2026-05-28T15:33:28.547+07:00  WARN 14128 --- [DinhTrongAn_Hackathon_] [http-nio-8080-exec-2] .m.m.a.ExceptionHandlerExceptionResolver : Resolved [org.springframework.http.converter.HttpMessageNotReadableException: Required request body is missing: public org.springframework.http.ResponseEntity<?> org.example.controller.WatchController.update(org.example.dto.WatchRequestDto,java.lang.Long)]
2026-05-28T15:33:32.885+07:00  WARN 14128 --- [DinhTrongAn_Hackathon_] [http-nio-8080-exec-3] .m.m.a.ExceptionHandlerExceptionResolver : Resolved [org.springframework.http.converter.HttpMessageNotReadableException: Required request body is missing: public org.springframework.http.ResponseEntity<?> org.example.controller.WatchController.update(org.example.dto.WatchRequestDto,java.lang.Long)]
2026-05-28T15:33:55.171+07:00 DEBUG 14128 --- [DinhTrongAn_Hackathon_] [http-nio-8080-exec-4] org.hibernate.SQL                        : 
    select
        w1_0.id,
        w1_0.brand,
        w1_0.model_name,
        w1_0.movement_type,
        w1_0.price,
        w1_0.status 
    from
        Watch w1_0 
    where
        w1_0.id=?
2026-05-28T15:33:55.179+07:00  WARN 14128 --- [DinhTrongAn_Hackathon_] [http-nio-8080-exec-4] .m.m.a.ExceptionHandlerExceptionResolver : Resolved [java.lang.RuntimeException: Watch not found]
2026-05-28T15:34:06.479+07:00 DEBUG 14128 --- [DinhTrongAn_Hackathon_] [http-nio-8080-exec-5] org.hibernate.SQL                        : 
    select
        w1_0.id,
        w1_0.brand,
        w1_0.model_name,
        w1_0.movement_type,
        w1_0.price,
        w1_0.status 
    from
        Watch w1_0 
    where
        w1_0.id=?
2026-05-28T15:34:06.506+07:00 DEBUG 14128 --- [DinhTrongAn_Hackathon_] [http-nio-8080-exec-5] org.hibernate.SQL                        : 
    update
        Watch 
    set
        brand=?,
        model_name=?,
        movement_type=?,
        price=?,
        status=? 
    where
        id=?
2026-05-28T15:42:33.663+07:00  INFO 14128 --- [DinhTrongAn_Hackathon_] [Thread-25] com.zaxxer.hikari.HikariDataSource       : HikariPool-7 - Shutdown initiated...
2026-05-28T15:42:33.668+07:00  INFO 14128 --- [DinhTrongAn_Hackathon_] [Thread-25] com.zaxxer.hikari.HikariDataSource       : HikariPool-7 - Shutdown completed.
2026-05-28T15:42:33.807+07:00  INFO 14128 --- [DinhTrongAn_Hackathon_] [restartedMain] o.e.DinhTrongAnHackathonApplication      : Starting DinhTrongAnHackathonApplication using Java 21.0.7 with PID 14128 (E:\Web\demoHackathon\DinhTrongAn_Hackathon_\build\classes\java\main started by Trong An in E:\Web\demoHackathon\DinhTrongAn_Hackathon_)
2026-05-28T15:42:33.807+07:00  INFO 14128 --- [DinhTrongAn_Hackathon_] [restartedMain] o.e.DinhTrongAnHackathonApplication      : No active profile set, falling back to 1 default profile: "default"
2026-05-28T15:42:34.281+07:00  INFO 14128 --- [DinhTrongAn_Hackathon_] [restartedMain] o.apache.catalina.core.StandardService   : Starting service [Tomcat]
2026-05-28T15:42:34.282+07:00  INFO 14128 --- [DinhTrongAn_Hackathon_] [restartedMain] o.apache.catalina.core.StandardEngine    : Starting Servlet engine: [Apache Tomcat/11.0.21]
2026-05-28T15:42:34.401+07:00  INFO 14128 --- [DinhTrongAn_Hackathon_] [restartedMain] org.hibernate.orm.jpa                    : HHH008540: Processing PersistenceUnitInfo [name: default]
2026-05-28T15:42:34.462+07:00  INFO 14128 --- [DinhTrongAn_Hackathon_] [restartedMain] com.zaxxer.hikari.HikariDataSource       : HikariPool-8 - Starting...
2026-05-28T15:42:34.475+07:00  INFO 14128 --- [DinhTrongAn_Hackathon_] [restartedMain] com.zaxxer.hikari.pool.HikariPool        : HikariPool-8 - Added connection com.mysql.cj.jdbc.ConnectionImpl@78d6c597
2026-05-28T15:42:34.475+07:00  INFO 14128 --- [DinhTrongAn_Hackathon_] [restartedMain] com.zaxxer.hikari.HikariDataSource       : HikariPool-8 - Start completed.
2026-05-28T15:42:34.478+07:00  WARN 14128 --- [DinhTrongAn_Hackathon_] [restartedMain] org.hibernate.orm.deprecation            : HHH90000025: MySQLDialect does not need to be specified explicitly using 'hibernate.dialect' (remove the property setting and it will be selected by default)
2026-05-28T15:42:34.479+07:00  INFO 14128 --- [DinhTrongAn_Hackathon_] [restartedMain] org.hibernate.orm.connections.pooling    : HHH10001005: Database info:
	Database JDBC URL [jdbc:mysql://localhost:3306/Hakathon_it211?createDatabaseIfNotExist=true&useSSL=false&allowPublicKeyRetrieval=true]
	Database driver: MySQL Connector/J
	Database dialect: MySQLDialect
	Database version: 9.5
	Default catalog/schema: Hakathon_it211/undefined
	Autocommit mode: undefined/unknown
	Isolation level: REPEATABLE_READ [default REPEATABLE_READ]
	JDBC fetch size: none
	Pool: DataSourceConnectionProvider
	Minimum pool size: undefined/unknown
	Maximum pool size: undefined/unknown
2026-05-28T15:42:34.562+07:00  INFO 14128 --- [DinhTrongAn_Hackathon_] [restartedMain] org.hibernate.orm.core                   : HHH000489: No JTA platform available (set 'hibernate.transaction.jta.platform' to enable JTA platform integration)
2026-05-28T15:42:34.563+07:00  INFO 14128 --- [DinhTrongAn_Hackathon_] [restartedMain] org.hibernate.orm.jdbc.batch             : HHH100501: Automatic JDBC statement batching enabled (maximum batch size 20)
2026-05-28T15:42:34.644+07:00  WARN 14128 --- [DinhTrongAn_Hackathon_] [restartedMain] JpaBaseConfiguration$JpaWebConfiguration : spring.jpa.open-in-view is enabled by default. Therefore, database queries may be performed during view rendering. Explicitly configure spring.jpa.open-in-view to disable this warning
2026-05-28T15:42:34.922+07:00  INFO 14128 --- [DinhTrongAn_Hackathon_] [restartedMain] o.e.DinhTrongAnHackathonApplication      : Started DinhTrongAnHackathonApplication in 1.159 seconds (process running for 1062.862)
2026-05-28T15:42:37.324+07:00  INFO 14128 --- [DinhTrongAn_Hackathon_] [Thread-29] com.zaxxer.hikari.HikariDataSource       : HikariPool-8 - Shutdown initiated...
2026-05-28T15:42:37.329+07:00  INFO 14128 --- [DinhTrongAn_Hackathon_] [Thread-29] com.zaxxer.hikari.HikariDataSource       : HikariPool-8 - Shutdown completed.
2026-05-28T15:42:37.453+07:00  INFO 14128 --- [DinhTrongAn_Hackathon_] [restartedMain] o.e.DinhTrongAnHackathonApplication      : Starting DinhTrongAnHackathonApplication using Java 21.0.7 with PID 14128 (E:\Web\demoHackathon\DinhTrongAn_Hackathon_\build\classes\java\main started by Trong An in E:\Web\demoHackathon\DinhTrongAn_Hackathon_)
2026-05-28T15:42:37.453+07:00  INFO 14128 --- [DinhTrongAn_Hackathon_] [restartedMain] o.e.DinhTrongAnHackathonApplication      : No active profile set, falling back to 1 default profile: "default"
2026-05-28T15:42:37.893+07:00  INFO 14128 --- [DinhTrongAn_Hackathon_] [restartedMain] o.apache.catalina.core.StandardService   : Starting service [Tomcat]
2026-05-28T15:42:37.894+07:00  INFO 14128 --- [DinhTrongAn_Hackathon_] [restartedMain] o.apache.catalina.core.StandardEngine    : Starting Servlet engine: [Apache Tomcat/11.0.21]
2026-05-28T15:42:37.975+07:00  INFO 14128 --- [DinhTrongAn_Hackathon_] [restartedMain] org.hibernate.orm.jpa                    : HHH008540: Processing PersistenceUnitInfo [name: default]
2026-05-28T15:42:38.017+07:00  INFO 14128 --- [DinhTrongAn_Hackathon_] [restartedMain] com.zaxxer.hikari.HikariDataSource       : HikariPool-9 - Starting...
2026-05-28T15:42:38.024+07:00  INFO 14128 --- [DinhTrongAn_Hackathon_] [restartedMain] com.zaxxer.hikari.pool.HikariPool        : HikariPool-9 - Added connection com.mysql.cj.jdbc.ConnectionImpl@fad63f7
2026-05-28T15:42:38.026+07:00  INFO 14128 --- [DinhTrongAn_Hackathon_] [restartedMain] com.zaxxer.hikari.HikariDataSource       : HikariPool-9 - Start completed.
2026-05-28T15:42:38.027+07:00  WARN 14128 --- [DinhTrongAn_Hackathon_] [restartedMain] org.hibernate.orm.deprecation            : HHH90000025: MySQLDialect does not need to be specified explicitly using 'hibernate.dialect' (remove the property setting and it will be selected by default)
2026-05-28T15:42:38.028+07:00  INFO 14128 --- [DinhTrongAn_Hackathon_] [restartedMain] org.hibernate.orm.connections.pooling    : HHH10001005: Database info:
	Database JDBC URL [jdbc:mysql://localhost:3306/Hakathon_it211?createDatabaseIfNotExist=true&useSSL=false&allowPublicKeyRetrieval=true]
	Database driver: MySQL Connector/J
	Database dialect: MySQLDialect
	Database version: 9.5
	Default catalog/schema: Hakathon_it211/undefined
	Autocommit mode: undefined/unknown
	Isolation level: REPEATABLE_READ [default REPEATABLE_READ]
	JDBC fetch size: none
	Pool: DataSourceConnectionProvider
	Minimum pool size: undefined/unknown
	Maximum pool size: undefined/unknown
2026-05-28T15:42:38.079+07:00  INFO 14128 --- [DinhTrongAn_Hackathon_] [restartedMain] org.hibernate.orm.core                   : HHH000489: No JTA platform available (set 'hibernate.transaction.jta.platform' to enable JTA platform integration)
2026-05-28T15:42:38.079+07:00  INFO 14128 --- [DinhTrongAn_Hackathon_] [restartedMain] org.hibernate.orm.jdbc.batch             : HHH100501: Automatic JDBC statement batching enabled (maximum batch size 20)
2026-05-28T15:42:38.192+07:00  WARN 14128 --- [DinhTrongAn_Hackathon_] [restartedMain] JpaBaseConfiguration$JpaWebConfiguration : spring.jpa.open-in-view is enabled by default. Therefore, database queries may be performed during view rendering. Explicitly configure spring.jpa.open-in-view to disable this warning
2026-05-28T15:42:38.331+07:00  INFO 14128 --- [DinhTrongAn_Hackathon_] [restartedMain] o.e.DinhTrongAnHackathonApplication      : Started DinhTrongAnHackathonApplication in 0.923 seconds (process running for 1066.27)
2026-05-28T15:43:30.649+07:00  INFO 14128 --- [DinhTrongAn_Hackathon_] [Thread-33] com.zaxxer.hikari.HikariDataSource       : HikariPool-9 - Shutdown initiated...
2026-05-28T15:43:30.653+07:00  INFO 14128 --- [DinhTrongAn_Hackathon_] [Thread-33] com.zaxxer.hikari.HikariDataSource       : HikariPool-9 - Shutdown completed.
2026-05-28T15:43:30.815+07:00  INFO 14128 --- [DinhTrongAn_Hackathon_] [restartedMain] o.e.DinhTrongAnHackathonApplication      : Starting DinhTrongAnHackathonApplication using Java 21.0.7 with PID 14128 (E:\Web\demoHackathon\DinhTrongAn_Hackathon_\build\classes\java\main started by Trong An in E:\Web\demoHackathon\DinhTrongAn_Hackathon_)
2026-05-28T15:43:30.815+07:00  INFO 14128 --- [DinhTrongAn_Hackathon_] [restartedMain] o.e.DinhTrongAnHackathonApplication      : No active profile set, falling back to 1 default profile: "default"
2026-05-28T15:43:31.453+07:00  INFO 14128 --- [DinhTrongAn_Hackathon_] [restartedMain] o.apache.catalina.core.StandardService   : Starting service [Tomcat]
2026-05-28T15:43:31.453+07:00  INFO 14128 --- [DinhTrongAn_Hackathon_] [restartedMain] o.apache.catalina.core.StandardEngine    : Starting Servlet engine: [Apache Tomcat/11.0.21]
2026-05-28T15:43:31.626+07:00  INFO 14128 --- [DinhTrongAn_Hackathon_] [restartedMain] org.hibernate.orm.jpa                    : HHH008540: Processing PersistenceUnitInfo [name: default]
2026-05-28T15:43:31.692+07:00  INFO 14128 --- [DinhTrongAn_Hackathon_] [restartedMain] com.zaxxer.hikari.HikariDataSource       : HikariPool-10 - Starting...
2026-05-28T15:43:31.701+07:00  INFO 14128 --- [DinhTrongAn_Hackathon_] [restartedMain] com.zaxxer.hikari.pool.HikariPool        : HikariPool-10 - Added connection com.mysql.cj.jdbc.ConnectionImpl@1e255d62
2026-05-28T15:43:31.701+07:00  INFO 14128 --- [DinhTrongAn_Hackathon_] [restartedMain] com.zaxxer.hikari.HikariDataSource       : HikariPool-10 - Start completed.
2026-05-28T15:43:31.704+07:00  WARN 14128 --- [DinhTrongAn_Hackathon_] [restartedMain] org.hibernate.orm.deprecation            : HHH90000025: MySQLDialect does not need to be specified explicitly using 'hibernate.dialect' (remove the property setting and it will be selected by default)
2026-05-28T15:43:31.705+07:00  INFO 14128 --- [DinhTrongAn_Hackathon_] [restartedMain] org.hibernate.orm.connections.pooling    : HHH10001005: Database info:
	Database JDBC URL [jdbc:mysql://localhost:3306/Hakathon_it211?createDatabaseIfNotExist=true&useSSL=false&allowPublicKeyRetrieval=true]
	Database driver: MySQL Connector/J
	Database dialect: MySQLDialect
	Database version: 9.5
	Default catalog/schema: Hakathon_it211/undefined
	Autocommit mode: undefined/unknown
	Isolation level: REPEATABLE_READ [default REPEATABLE_READ]
	JDBC fetch size: none
	Pool: DataSourceConnectionProvider
	Minimum pool size: undefined/unknown
	Maximum pool size: undefined/unknown
2026-05-28T15:43:31.777+07:00  INFO 14128 --- [DinhTrongAn_Hackathon_] [restartedMain] org.hibernate.orm.core                   : HHH000489: No JTA platform available (set 'hibernate.transaction.jta.platform' to enable JTA platform integration)
2026-05-28T15:43:31.777+07:00  INFO 14128 --- [DinhTrongAn_Hackathon_] [restartedMain] org.hibernate.orm.jdbc.batch             : HHH100501: Automatic JDBC statement batching enabled (maximum batch size 20)
2026-05-28T15:43:31.920+07:00  WARN 14128 --- [DinhTrongAn_Hackathon_] [restartedMain] JpaBaseConfiguration$JpaWebConfiguration : spring.jpa.open-in-view is enabled by default. Therefore, database queries may be performed during view rendering. Explicitly configure spring.jpa.open-in-view to disable this warning
2026-05-28T15:43:32.137+07:00  INFO 14128 --- [DinhTrongAn_Hackathon_] [restartedMain] o.e.DinhTrongAnHackathonApplication      : Started DinhTrongAnHackathonApplication in 1.385 seconds (process running for 1120.076)
2026-05-28T15:43:33.529+07:00  INFO 14128 --- [DinhTrongAn_Hackathon_] [Thread-37] com.zaxxer.hikari.HikariDataSource       : HikariPool-10 - Shutdown initiated...
2026-05-28T15:43:33.533+07:00  INFO 14128 --- [DinhTrongAn_Hackathon_] [Thread-37] com.zaxxer.hikari.HikariDataSource       : HikariPool-10 - Shutdown completed.
2026-05-28T15:43:33.729+07:00  INFO 14128 --- [DinhTrongAn_Hackathon_] [restartedMain] o.e.DinhTrongAnHackathonApplication      : Starting DinhTrongAnHackathonApplication using Java 21.0.7 with PID 14128 (E:\Web\demoHackathon\DinhTrongAn_Hackathon_\build\classes\java\main started by Trong An in E:\Web\demoHackathon\DinhTrongAn_Hackathon_)
2026-05-28T15:43:33.730+07:00  INFO 14128 --- [DinhTrongAn_Hackathon_] [restartedMain] o.e.DinhTrongAnHackathonApplication      : No active profile set, falling back to 1 default profile: "default"
2026-05-28T15:43:34.090+07:00  INFO 14128 --- [DinhTrongAn_Hackathon_] [restartedMain] o.apache.catalina.core.StandardService   : Starting service [Tomcat]
2026-05-28T15:43:34.090+07:00  INFO 14128 --- [DinhTrongAn_Hackathon_] [restartedMain] o.apache.catalina.core.StandardEngine    : Starting Servlet engine: [Apache Tomcat/11.0.21]
2026-05-28T15:43:34.183+07:00  INFO 14128 --- [DinhTrongAn_Hackathon_] [restartedMain] org.hibernate.orm.jpa                    : HHH008540: Processing PersistenceUnitInfo [name: default]
2026-05-28T15:43:34.226+07:00  INFO 14128 --- [DinhTrongAn_Hackathon_] [restartedMain] com.zaxxer.hikari.HikariDataSource       : HikariPool-11 - Starting...
2026-05-28T15:43:34.232+07:00  INFO 14128 --- [DinhTrongAn_Hackathon_] [restartedMain] com.zaxxer.hikari.pool.HikariPool        : HikariPool-11 - Added connection com.mysql.cj.jdbc.ConnectionImpl@46af1202
2026-05-28T15:43:34.234+07:00  INFO 14128 --- [DinhTrongAn_Hackathon_] [restartedMain] com.zaxxer.hikari.HikariDataSource       : HikariPool-11 - Start completed.
2026-05-28T15:43:34.236+07:00  WARN 14128 --- [DinhTrongAn_Hackathon_] [restartedMain] org.hibernate.orm.deprecation            : HHH90000025: MySQLDialect does not need to be specified explicitly using 'hibernate.dialect' (remove the property setting and it will be selected by default)
2026-05-28T15:43:34.237+07:00  INFO 14128 --- [DinhTrongAn_Hackathon_] [restartedMain] org.hibernate.orm.connections.pooling    : HHH10001005: Database info:
	Database JDBC URL [jdbc:mysql://localhost:3306/Hakathon_it211?createDatabaseIfNotExist=true&useSSL=false&allowPublicKeyRetrieval=true]
	Database driver: MySQL Connector/J
	Database dialect: MySQLDialect
	Database version: 9.5
	Default catalog/schema: Hakathon_it211/undefined
	Autocommit mode: undefined/unknown
	Isolation level: REPEATABLE_READ [default REPEATABLE_READ]
	JDBC fetch size: none
	Pool: DataSourceConnectionProvider
	Minimum pool size: undefined/unknown
	Maximum pool size: undefined/unknown
2026-05-28T15:43:34.306+07:00  INFO 14128 --- [DinhTrongAn_Hackathon_] [restartedMain] org.hibernate.orm.core                   : HHH000489: No JTA platform available (set 'hibernate.transaction.jta.platform' to enable JTA platform integration)
2026-05-28T15:43:34.306+07:00  INFO 14128 --- [DinhTrongAn_Hackathon_] [restartedMain] org.hibernate.orm.jdbc.batch             : HHH100501: Automatic JDBC statement batching enabled (maximum batch size 20)
2026-05-28T15:43:34.451+07:00  WARN 14128 --- [DinhTrongAn_Hackathon_] [restartedMain] JpaBaseConfiguration$JpaWebConfiguration : spring.jpa.open-in-view is enabled by default. Therefore, database queries may be performed during view rendering. Explicitly configure spring.jpa.open-in-view to disable this warning
2026-05-28T15:43:34.613+07:00  INFO 14128 --- [DinhTrongAn_Hackathon_] [restartedMain] o.e.DinhTrongAnHackathonApplication      : Started DinhTrongAnHackathonApplication in 0.934 seconds (process running for 1122.552)
2026-05-28T15:44:01.947+07:00  INFO 14128 --- [DinhTrongAn_Hackathon_] [http-nio-8080-exec-2] o.a.c.c.C.[Tomcat].[localhost].[/]       : Initializing Spring DispatcherServlet 'dispatcherServlet'
2026-05-28T15:44:01.971+07:00 DEBUG 14128 --- [DinhTrongAn_Hackathon_] [http-nio-8080-exec-2] org.hibernate.SQL                        : 
    select
        w1_0.id,
        w1_0.brand,
        w1_0.model_name,
        w1_0.movement_type,
        w1_0.price,
        w1_0.status 
    from
        Watch w1_0 
    where
        w1_0.id=?
2026-05-28T15:44:15.226+07:00 DEBUG 14128 --- [DinhTrongAn_Hackathon_] [http-nio-8080-exec-3] org.hibernate.SQL                        : 
    select
        w1_0.id,
        w1_0.brand,
        w1_0.model_name,
        w1_0.movement_type,
        w1_0.price,
        w1_0.status 
    from
        Watch w1_0 
    where
        w1_0.id=?
2026-05-28T15:44:15.231+07:00 DEBUG 14128 --- [DinhTrongAn_Hackathon_] [http-nio-8080-exec-3] org.hibernate.SQL                        : 
    update
        Watch 
    set
        brand=?,
        model_name=?,
        movement_type=?,
        price=?,
        status=? 
    where
        id=?
2026-05-28T15:46:16.359+07:00  INFO 14128 --- [DinhTrongAn_Hackathon_] [Thread-41] com.zaxxer.hikari.HikariDataSource       : HikariPool-11 - Shutdown initiated...
2026-05-28T15:46:16.368+07:00  INFO 14128 --- [DinhTrongAn_Hackathon_] [Thread-41] com.zaxxer.hikari.HikariDataSource       : HikariPool-11 - Shutdown completed.
2026-05-28T15:46:16.500+07:00  INFO 14128 --- [DinhTrongAn_Hackathon_] [restartedMain] o.e.DinhTrongAnHackathonApplication      : Starting DinhTrongAnHackathonApplication using Java 21.0.7 with PID 14128 (E:\Web\demoHackathon\DinhTrongAn_Hackathon_\build\classes\java\main started by Trong An in E:\Web\demoHackathon\DinhTrongAn_Hackathon_)
2026-05-28T15:46:16.500+07:00  INFO 14128 --- [DinhTrongAn_Hackathon_] [restartedMain] o.e.DinhTrongAnHackathonApplication      : No active profile set, falling back to 1 default profile: "default"
2026-05-28T15:46:17.010+07:00  INFO 14128 --- [DinhTrongAn_Hackathon_] [restartedMain] o.apache.catalina.core.StandardService   : Starting service [Tomcat]
2026-05-28T15:46:17.010+07:00  INFO 14128 --- [DinhTrongAn_Hackathon_] [restartedMain] o.apache.catalina.core.StandardEngine    : Starting Servlet engine: [Apache Tomcat/11.0.21]
2026-05-28T15:46:17.148+07:00  INFO 14128 --- [DinhTrongAn_Hackathon_] [restartedMain] org.hibernate.orm.jpa                    : HHH008540: Processing PersistenceUnitInfo [name: default]
2026-05-28T15:46:17.213+07:00  INFO 14128 --- [DinhTrongAn_Hackathon_] [restartedMain] com.zaxxer.hikari.HikariDataSource       : HikariPool-12 - Starting...
2026-05-28T15:46:17.221+07:00  INFO 14128 --- [DinhTrongAn_Hackathon_] [restartedMain] com.zaxxer.hikari.pool.HikariPool        : HikariPool-12 - Added connection com.mysql.cj.jdbc.ConnectionImpl@3e981f9e
2026-05-28T15:46:17.221+07:00  INFO 14128 --- [DinhTrongAn_Hackathon_] [restartedMain] com.zaxxer.hikari.HikariDataSource       : HikariPool-12 - Start completed.
2026-05-28T15:46:17.229+07:00  WARN 14128 --- [DinhTrongAn_Hackathon_] [restartedMain] org.hibernate.orm.deprecation            : HHH90000025: MySQLDialect does not need to be specified explicitly using 'hibernate.dialect' (remove the property setting and it will be selected by default)
2026-05-28T15:46:17.229+07:00  INFO 14128 --- [DinhTrongAn_Hackathon_] [restartedMain] org.hibernate.orm.connections.pooling    : HHH10001005: Database info:
	Database JDBC URL [jdbc:mysql://localhost:3306/Hakathon_it211?createDatabaseIfNotExist=true&useSSL=false&allowPublicKeyRetrieval=true]
	Database driver: MySQL Connector/J
	Database dialect: MySQLDialect
	Database version: 9.5
	Default catalog/schema: Hakathon_it211/undefined
	Autocommit mode: undefined/unknown
	Isolation level: REPEATABLE_READ [default REPEATABLE_READ]
	JDBC fetch size: none
	Pool: DataSourceConnectionProvider
	Minimum pool size: undefined/unknown
	Maximum pool size: undefined/unknown
2026-05-28T15:46:17.311+07:00  INFO 14128 --- [DinhTrongAn_Hackathon_] [restartedMain] org.hibernate.orm.core                   : HHH000489: No JTA platform available (set 'hibernate.transaction.jta.platform' to enable JTA platform integration)
2026-05-28T15:46:17.311+07:00  INFO 14128 --- [DinhTrongAn_Hackathon_] [restartedMain] org.hibernate.orm.jdbc.batch             : HHH100501: Automatic JDBC statement batching enabled (maximum batch size 20)
2026-05-28T15:46:17.409+07:00  WARN 14128 --- [DinhTrongAn_Hackathon_] [restartedMain] JpaBaseConfiguration$JpaWebConfiguration : spring.jpa.open-in-view is enabled by default. Therefore, database queries may be performed during view rendering. Explicitly configure spring.jpa.open-in-view to disable this warning
2026-05-28T15:46:17.683+07:00  INFO 14128 --- [DinhTrongAn_Hackathon_] [restartedMain] o.e.DinhTrongAnHackathonApplication      : Started DinhTrongAnHackathonApplication in 1.225 seconds (process running for 1285.626)
2026-05-28T15:46:20.526+07:00  INFO 14128 --- [DinhTrongAn_Hackathon_] [Thread-45] com.zaxxer.hikari.HikariDataSource       : HikariPool-12 - Shutdown initiated...
2026-05-28T15:46:20.532+07:00  INFO 14128 --- [DinhTrongAn_Hackathon_] [Thread-45] com.zaxxer.hikari.HikariDataSource       : HikariPool-12 - Shutdown completed.
2026-05-28T15:46:20.764+07:00  INFO 14128 --- [DinhTrongAn_Hackathon_] [restartedMain] o.e.DinhTrongAnHackathonApplication      : Starting DinhTrongAnHackathonApplication using Java 21.0.7 with PID 14128 (E:\Web\demoHackathon\DinhTrongAn_Hackathon_\build\classes\java\main started by Trong An in E:\Web\demoHackathon\DinhTrongAn_Hackathon_)
2026-05-28T15:46:20.764+07:00  INFO 14128 --- [DinhTrongAn_Hackathon_] [restartedMain] o.e.DinhTrongAnHackathonApplication      : No active profile set, falling back to 1 default profile: "default"
2026-05-28T15:46:21.255+07:00  INFO 14128 --- [DinhTrongAn_Hackathon_] [restartedMain] o.apache.catalina.core.StandardService   : Starting service [Tomcat]
2026-05-28T15:46:21.255+07:00  INFO 14128 --- [DinhTrongAn_Hackathon_] [restartedMain] o.apache.catalina.core.StandardEngine    : Starting Servlet engine: [Apache Tomcat/11.0.21]
2026-05-28T15:46:21.404+07:00  INFO 14128 --- [DinhTrongAn_Hackathon_] [restartedMain] org.hibernate.orm.jpa                    : HHH008540: Processing PersistenceUnitInfo [name: default]
2026-05-28T15:46:21.479+07:00  INFO 14128 --- [DinhTrongAn_Hackathon_] [restartedMain] com.zaxxer.hikari.HikariDataSource       : HikariPool-13 - Starting...
2026-05-28T15:46:21.487+07:00  INFO 14128 --- [DinhTrongAn_Hackathon_] [restartedMain] com.zaxxer.hikari.pool.HikariPool        : HikariPool-13 - Added connection com.mysql.cj.jdbc.ConnectionImpl@166f3801
2026-05-28T15:46:21.487+07:00  INFO 14128 --- [DinhTrongAn_Hackathon_] [restartedMain] com.zaxxer.hikari.HikariDataSource       : HikariPool-13 - Start completed.
2026-05-28T15:46:21.494+07:00  WARN 14128 --- [DinhTrongAn_Hackathon_] [restartedMain] org.hibernate.orm.deprecation            : HHH90000025: MySQLDialect does not need to be specified explicitly using 'hibernate.dialect' (remove the property setting and it will be selected by default)
2026-05-28T15:46:21.494+07:00  INFO 14128 --- [DinhTrongAn_Hackathon_] [restartedMain] org.hibernate.orm.connections.pooling    : HHH10001005: Database info:
	Database JDBC URL [jdbc:mysql://localhost:3306/Hakathon_it211?createDatabaseIfNotExist=true&useSSL=false&allowPublicKeyRetrieval=true]
	Database driver: MySQL Connector/J
	Database dialect: MySQLDialect
	Database version: 9.5
	Default catalog/schema: Hakathon_it211/undefined
	Autocommit mode: undefined/unknown
	Isolation level: REPEATABLE_READ [default REPEATABLE_READ]
	JDBC fetch size: none
	Pool: DataSourceConnectionProvider
	Minimum pool size: undefined/unknown
	Maximum pool size: undefined/unknown
2026-05-28T15:46:21.594+07:00  INFO 14128 --- [DinhTrongAn_Hackathon_] [restartedMain] org.hibernate.orm.core                   : HHH000489: No JTA platform available (set 'hibernate.transaction.jta.platform' to enable JTA platform integration)
2026-05-28T15:46:21.594+07:00  INFO 14128 --- [DinhTrongAn_Hackathon_] [restartedMain] org.hibernate.orm.jdbc.batch             : HHH100501: Automatic JDBC statement batching enabled (maximum batch size 20)
2026-05-28T15:46:21.744+07:00  WARN 14128 --- [DinhTrongAn_Hackathon_] [restartedMain] JpaBaseConfiguration$JpaWebConfiguration : spring.jpa.open-in-view is enabled by default. Therefore, database queries may be performed during view rendering. Explicitly configure spring.jpa.open-in-view to disable this warning
2026-05-28T15:46:21.982+07:00  INFO 14128 --- [DinhTrongAn_Hackathon_] [restartedMain] o.e.DinhTrongAnHackathonApplication      : Started DinhTrongAnHackathonApplication in 1.327 seconds (process running for 1289.928)
2026-05-28T15:46:22.741+07:00  INFO 14128 --- [DinhTrongAn_Hackathon_] [http-nio-8080-exec-1] o.a.c.c.C.[Tomcat].[localhost].[/]       : Initializing Spring DispatcherServlet 'dispatcherServlet'
2026-05-28T15:46:22.750+07:00 DEBUG 14128 --- [DinhTrongAn_Hackathon_] [http-nio-8080-exec-1] org.hibernate.SQL                        : 
    select
        w1_0.id,
        w1_0.brand,
        w1_0.model_name,
        w1_0.movement_type,
        w1_0.price,
        w1_0.status 
    from
        Watch w1_0 
    where
        w1_0.id=?
2026-05-28T15:46:22.775+07:00 DEBUG 14128 --- [DinhTrongAn_Hackathon_] [http-nio-8080-exec-1] org.hibernate.SQL                        : 
    delete 
    from
        Watch 
    where
        id=?
2026-05-28T15:46:59.881+07:00 DEBUG 14128 --- [DinhTrongAn_Hackathon_] [http-nio-8080-exec-3] org.hibernate.SQL                        : 
    select
        w1_0.id,
        w1_0.brand,
        w1_0.model_name,
        w1_0.movement_type,
        w1_0.price,
        w1_0.status 
    from
        Watch w1_0 
    where
        w1_0.id=?
2026-05-28T15:46:59.888+07:00 DEBUG 14128 --- [DinhTrongAn_Hackathon_] [http-nio-8080-exec-3] org.hibernate.SQL                        : 
    update
        Watch 
    set
        brand=?,
        model_name=?,
        movement_type=?,
        price=?,
        status=? 
    where
        id=?
2026-05-28T15:47:30.497+07:00 DEBUG 14128 --- [DinhTrongAn_Hackathon_] [http-nio-8080-exec-4] org.hibernate.SQL                        : 
    insert 
    into
        Watch
        (brand, model_name, movement_type, price, status) 
    values
        (?, ?, ?, ?, ?)
2026-05-28T15:47:35.291+07:00 DEBUG 14128 --- [DinhTrongAn_Hackathon_] [http-nio-8080-exec-5] org.hibernate.SQL                        : 
    insert 
    into
        Watch
        (brand, model_name, movement_type, price, status) 
    values
        (?, ?, ?, ?, ?)
2026-05-28T15:47:38.987+07:00 DEBUG 14128 --- [DinhTrongAn_Hackathon_] [http-nio-8080-exec-6] org.hibernate.SQL                        : 
    insert 
    into
        Watch
        (brand, model_name, movement_type, price, status) 
    values
        (?, ?, ?, ?, ?)
2026-05-28T15:47:42.805+07:00 DEBUG 14128 --- [DinhTrongAn_Hackathon_] [http-nio-8080-exec-7] org.hibernate.SQL                        : 
    insert 
    into
        Watch
        (brand, model_name, movement_type, price, status) 
    values
        (?, ?, ?, ?, ?)
2026-05-28T15:47:46.276+07:00 DEBUG 14128 --- [DinhTrongAn_Hackathon_] [http-nio-8080-exec-8] org.hibernate.SQL                        : 
    insert 
    into
        Watch
        (brand, model_name, movement_type, price, status) 
    values
        (?, ?, ?, ?, ?)
2026-05-28T15:47:50.280+07:00 DEBUG 14128 --- [DinhTrongAn_Hackathon_] [http-nio-8080-exec-9] org.hibernate.SQL                        : 
    insert 
    into
        Watch
        (brand, model_name, movement_type, price, status) 
    values
        (?, ?, ?, ?, ?)
2026-05-28T15:47:55.245+07:00 DEBUG 14128 --- [DinhTrongAn_Hackathon_] [http-nio-8080-exec-10] org.hibernate.SQL                        : 
    insert 
    into
        Watch
        (brand, model_name, movement_type, price, status) 
    values
        (?, ?, ?, ?, ?)
2026-05-28T15:48:00.348+07:00 DEBUG 14128 --- [DinhTrongAn_Hackathon_] [http-nio-8080-exec-2] org.hibernate.SQL                        : 
    insert 
    into
        Watch
        (brand, model_name, movement_type, price, status) 
    values
        (?, ?, ?, ?, ?)
2026-05-28T15:48:04.633+07:00 DEBUG 14128 --- [DinhTrongAn_Hackathon_] [http-nio-8080-exec-1] org.hibernate.SQL                        : 
    insert 
    into
        Watch
        (brand, model_name, movement_type, price, status) 
    values
        (?, ?, ?, ?, ?)
2026-05-28T15:48:09.899+07:00 DEBUG 14128 --- [DinhTrongAn_Hackathon_] [http-nio-8080-exec-3] org.hibernate.SQL                        : 
    select
        w1_0.id,
        w1_0.brand,
        w1_0.model_name,
        w1_0.movement_type,
        w1_0.price,
        w1_0.status 
    from
        Watch w1_0 
    where
        lower(w1_0.model_name) like lower(concat('%', ?, '%')) escape '' 
        or lower(w1_0.brand) like lower(concat('%', ?, '%')) escape '' 
    limit
        ?
2026-05-28T15:48:09.913+07:00 DEBUG 14128 --- [DinhTrongAn_Hackathon_] [http-nio-8080-exec-3] org.hibernate.SQL                        : 
    select
        count(w1_0.id) 
    from
        Watch w1_0 
    where
        lower(w1_0.model_name) like lower(concat('%', ?, '%')) escape '' 
        or lower(w1_0.brand) like lower(concat('%', ?, '%')) escape ''
2026-05-28T15:48:25.486+07:00 DEBUG 14128 --- [DinhTrongAn_Hackathon_] [http-nio-8080-exec-4] org.hibernate.SQL                        : 
    select
        w1_0.id,
        w1_0.brand,
        w1_0.model_name,
        w1_0.movement_type,
        w1_0.price,
        w1_0.status 
    from
        Watch w1_0 
    where
        lower(w1_0.model_name) like lower(concat('%', ?, '%')) escape '' 
        or lower(w1_0.brand) like lower(concat('%', ?, '%')) escape '' 
    limit
        ?, ?
2026-05-28T15:48:25.490+07:00 DEBUG 14128 --- [DinhTrongAn_Hackathon_] [http-nio-8080-exec-4] org.hibernate.SQL                        : 
    select
        count(w1_0.id) 
    from
        Watch w1_0 
    where
        lower(w1_0.model_name) like lower(concat('%', ?, '%')) escape '' 
        or lower(w1_0.brand) like lower(concat('%', ?, '%')) escape ''
2026-05-28T15:48:33.451+07:00 DEBUG 14128 --- [DinhTrongAn_Hackathon_] [http-nio-8080-exec-5] org.hibernate.SQL                        : 
    select
        w1_0.id,
        w1_0.brand,
        w1_0.model_name,
        w1_0.movement_type,
        w1_0.price,
        w1_0.status 
    from
        Watch w1_0 
    where
        lower(w1_0.model_name) like lower(concat('%', ?, '%')) escape '' 
        or lower(w1_0.brand) like lower(concat('%', ?, '%')) escape '' 
    limit
        ?, ?
2026-05-28T15:48:33.457+07:00 DEBUG 14128 --- [DinhTrongAn_Hackathon_] [http-nio-8080-exec-5] org.hibernate.SQL                        : 
    select
        count(w1_0.id) 
    from
        Watch w1_0 
    where
        lower(w1_0.model_name) like lower(concat('%', ?, '%')) escape '' 
        or lower(w1_0.brand) like lower(concat('%', ?, '%')) escape ''
2026-05-28T15:49:50.711+07:00  INFO 14128 --- [DinhTrongAn_Hackathon_] [Thread-49] com.zaxxer.hikari.HikariDataSource       : HikariPool-13 - Shutdown initiated...
2026-05-28T15:49:50.715+07:00  INFO 14128 --- [DinhTrongAn_Hackathon_] [Thread-49] com.zaxxer.hikari.HikariDataSource       : HikariPool-13 - Shutdown completed.
2026-05-28T15:49:50.831+07:00  INFO 14128 --- [DinhTrongAn_Hackathon_] [restartedMain] o.e.DinhTrongAnHackathonApplication      : Starting DinhTrongAnHackathonApplication using Java 21.0.7 with PID 14128 (E:\Web\demoHackathon\DinhTrongAn_Hackathon_\build\classes\java\main started by Trong An in E:\Web\demoHackathon\DinhTrongAn_Hackathon_)
2026-05-28T15:49:50.831+07:00  INFO 14128 --- [DinhTrongAn_Hackathon_] [restartedMain] o.e.DinhTrongAnHackathonApplication      : No active profile set, falling back to 1 default profile: "default"
2026-05-28T15:49:51.196+07:00  INFO 14128 --- [DinhTrongAn_Hackathon_] [restartedMain] o.apache.catalina.core.StandardService   : Starting service [Tomcat]
2026-05-28T15:49:51.196+07:00  INFO 14128 --- [DinhTrongAn_Hackathon_] [restartedMain] o.apache.catalina.core.StandardEngine    : Starting Servlet engine: [Apache Tomcat/11.0.21]
2026-05-28T15:49:51.278+07:00  INFO 14128 --- [DinhTrongAn_Hackathon_] [restartedMain] org.hibernate.orm.jpa                    : HHH008540: Processing PersistenceUnitInfo [name: default]
2026-05-28T15:49:51.323+07:00  INFO 14128 --- [DinhTrongAn_Hackathon_] [restartedMain] com.zaxxer.hikari.HikariDataSource       : HikariPool-14 - Starting...
2026-05-28T15:49:51.332+07:00  INFO 14128 --- [DinhTrongAn_Hackathon_] [restartedMain] com.zaxxer.hikari.pool.HikariPool        : HikariPool-14 - Added connection com.mysql.cj.jdbc.ConnectionImpl@37c35d7
2026-05-28T15:49:51.332+07:00  INFO 14128 --- [DinhTrongAn_Hackathon_] [restartedMain] com.zaxxer.hikari.HikariDataSource       : HikariPool-14 - Start completed.
2026-05-28T15:49:51.335+07:00  WARN 14128 --- [DinhTrongAn_Hackathon_] [restartedMain] org.hibernate.orm.deprecation            : HHH90000025: MySQLDialect does not need to be specified explicitly using 'hibernate.dialect' (remove the property setting and it will be selected by default)
2026-05-28T15:49:51.336+07:00  INFO 14128 --- [DinhTrongAn_Hackathon_] [restartedMain] org.hibernate.orm.connections.pooling    : HHH10001005: Database info:
	Database JDBC URL [jdbc:mysql://localhost:3306/Hakathon_it211?createDatabaseIfNotExist=true&useSSL=false&allowPublicKeyRetrieval=true]
	Database driver: MySQL Connector/J
	Database dialect: MySQLDialect
	Database version: 9.5
	Default catalog/schema: Hakathon_it211/undefined
	Autocommit mode: undefined/unknown
	Isolation level: REPEATABLE_READ [default REPEATABLE_READ]
	JDBC fetch size: none
	Pool: DataSourceConnectionProvider
	Minimum pool size: undefined/unknown
	Maximum pool size: undefined/unknown
2026-05-28T15:49:51.401+07:00  INFO 14128 --- [DinhTrongAn_Hackathon_] [restartedMain] org.hibernate.orm.core                   : HHH000489: No JTA platform available (set 'hibernate.transaction.jta.platform' to enable JTA platform integration)
2026-05-28T15:49:51.401+07:00  INFO 14128 --- [DinhTrongAn_Hackathon_] [restartedMain] org.hibernate.orm.jdbc.batch             : HHH100501: Automatic JDBC statement batching enabled (maximum batch size 20)
2026-05-28T15:49:51.519+07:00  WARN 14128 --- [DinhTrongAn_Hackathon_] [restartedMain] JpaBaseConfiguration$JpaWebConfiguration : spring.jpa.open-in-view is enabled by default. Therefore, database queries may be performed during view rendering. Explicitly configure spring.jpa.open-in-view to disable this warning
2026-05-28T15:49:51.676+07:00  INFO 14128 --- [DinhTrongAn_Hackathon_] [restartedMain] o.e.DinhTrongAnHackathonApplication      : Started DinhTrongAnHackathonApplication in 0.875 seconds (process running for 1499.615)
2026-05-28T15:51:55.808+07:00  INFO 14128 --- [DinhTrongAn_Hackathon_] [Thread-53] com.zaxxer.hikari.HikariDataSource       : HikariPool-14 - Shutdown initiated...
2026-05-28T15:51:55.810+07:00  INFO 14128 --- [DinhTrongAn_Hackathon_] [Thread-53] com.zaxxer.hikari.HikariDataSource       : HikariPool-14 - Shutdown completed.
2026-05-28T15:51:55.969+07:00  INFO 14128 --- [DinhTrongAn_Hackathon_] [restartedMain] o.e.DinhTrongAnHackathonApplication      : Starting DinhTrongAnHackathonApplication using Java 21.0.7 with PID 14128 (E:\Web\demoHackathon\DinhTrongAn_Hackathon_\build\classes\java\main started by Trong An in E:\Web\demoHackathon\DinhTrongAn_Hackathon_)
2026-05-28T15:51:55.969+07:00  INFO 14128 --- [DinhTrongAn_Hackathon_] [restartedMain] o.e.DinhTrongAnHackathonApplication      : No active profile set, falling back to 1 default profile: "default"
2026-05-28T15:51:56.518+07:00  INFO 14128 --- [DinhTrongAn_Hackathon_] [restartedMain] o.apache.catalina.core.StandardService   : Starting service [Tomcat]
2026-05-28T15:51:56.518+07:00  INFO 14128 --- [DinhTrongAn_Hackathon_] [restartedMain] o.apache.catalina.core.StandardEngine    : Starting Servlet engine: [Apache Tomcat/11.0.21]
2026-05-28T15:51:56.650+07:00  INFO 14128 --- [DinhTrongAn_Hackathon_] [restartedMain] org.hibernate.orm.jpa                    : HHH008540: Processing PersistenceUnitInfo [name: default]
2026-05-28T15:51:56.725+07:00  INFO 14128 --- [DinhTrongAn_Hackathon_] [restartedMain] com.zaxxer.hikari.HikariDataSource       : HikariPool-15 - Starting...
2026-05-28T15:51:56.734+07:00  INFO 14128 --- [DinhTrongAn_Hackathon_] [restartedMain] com.zaxxer.hikari.pool.HikariPool        : HikariPool-15 - Added connection com.mysql.cj.jdbc.ConnectionImpl@5da7a7bc
2026-05-28T15:51:56.734+07:00  INFO 14128 --- [DinhTrongAn_Hackathon_] [restartedMain] com.zaxxer.hikari.HikariDataSource       : HikariPool-15 - Start completed.
2026-05-28T15:51:56.743+07:00  WARN 14128 --- [DinhTrongAn_Hackathon_] [restartedMain] org.hibernate.orm.deprecation            : HHH90000025: MySQLDialect does not need to be specified explicitly using 'hibernate.dialect' (remove the property setting and it will be selected by default)
2026-05-28T15:51:56.743+07:00  INFO 14128 --- [DinhTrongAn_Hackathon_] [restartedMain] org.hibernate.orm.connections.pooling    : HHH10001005: Database info:
	Database JDBC URL [jdbc:mysql://localhost:3306/Hakathon_it211?createDatabaseIfNotExist=true&useSSL=false&allowPublicKeyRetrieval=true]
	Database driver: MySQL Connector/J
	Database dialect: MySQLDialect
	Database version: 9.5
	Default catalog/schema: Hakathon_it211/undefined
	Autocommit mode: undefined/unknown
	Isolation level: REPEATABLE_READ [default REPEATABLE_READ]
	JDBC fetch size: none
	Pool: DataSourceConnectionProvider
	Minimum pool size: undefined/unknown
	Maximum pool size: undefined/unknown
2026-05-28T15:51:56.823+07:00  INFO 14128 --- [DinhTrongAn_Hackathon_] [restartedMain] org.hibernate.orm.core                   : HHH000489: No JTA platform available (set 'hibernate.transaction.jta.platform' to enable JTA platform integration)
2026-05-28T15:51:56.823+07:00  INFO 14128 --- [DinhTrongAn_Hackathon_] [restartedMain] org.hibernate.orm.jdbc.batch             : HHH100501: Automatic JDBC statement batching enabled (maximum batch size 20)
2026-05-28T15:51:56.992+07:00  WARN 14128 --- [DinhTrongAn_Hackathon_] [restartedMain] JpaBaseConfiguration$JpaWebConfiguration : spring.jpa.open-in-view is enabled by default. Therefore, database queries may be performed during view rendering. Explicitly configure spring.jpa.open-in-view to disable this warning
2026-05-28T15:51:57.269+07:00  INFO 14128 --- [DinhTrongAn_Hackathon_] [restartedMain] o.e.DinhTrongAnHackathonApplication      : Started DinhTrongAnHackathonApplication in 1.344 seconds (process running for 1625.209)
2026-05-28T15:51:57.634+07:00  INFO 14128 --- [DinhTrongAn_Hackathon_] [http-nio-8080-exec-2] o.a.c.c.C.[Tomcat].[localhost].[/]       : Initializing Spring DispatcherServlet 'dispatcherServlet'
2026-05-28T15:51:57.655+07:00 DEBUG 14128 --- [DinhTrongAn_Hackathon_] [http-nio-8080-exec-2] org.hibernate.SQL                        : 
    select
        w1_0.id,
        w1_0.brand,
        w1_0.model_name,
        w1_0.movement_type,
        w1_0.price,
        w1_0.status 
    from
        Watch w1_0 
    where
        lower(w1_0.model_name) like lower(concat('%', ?, '%')) escape '' 
        or lower(w1_0.brand) like lower(concat('%', ?, '%')) escape '' 
    limit
        ?
2026-05-28T15:51:57.663+07:00 DEBUG 14128 --- [DinhTrongAn_Hackathon_] [http-nio-8080-exec-2] org.hibernate.SQL                        : 
    select
        count(w1_0.id) 
    from
        Watch w1_0 
    where
        lower(w1_0.model_name) like lower(concat('%', ?, '%')) escape '' 
        or lower(w1_0.brand) like lower(concat('%', ?, '%')) escape ''
2026-05-28T15:51:58.659+07:00  INFO 14128 --- [DinhTrongAn_Hackathon_] [Thread-57] com.zaxxer.hikari.HikariDataSource       : HikariPool-15 - Shutdown initiated...
2026-05-28T15:51:58.664+07:00  INFO 14128 --- [DinhTrongAn_Hackathon_] [Thread-57] com.zaxxer.hikari.HikariDataSource       : HikariPool-15 - Shutdown completed.
2026-05-28T15:51:59.195+07:00  INFO 14128 --- [DinhTrongAn_Hackathon_] [restartedMain] o.e.DinhTrongAnHackathonApplication      : Starting DinhTrongAnHackathonApplication using Java 21.0.7 with PID 14128 (E:\Web\demoHackathon\DinhTrongAn_Hackathon_\build\classes\java\main started by Trong An in E:\Web\demoHackathon\DinhTrongAn_Hackathon_)
2026-05-28T15:51:59.195+07:00  INFO 14128 --- [DinhTrongAn_Hackathon_] [restartedMain] o.e.DinhTrongAnHackathonApplication      : No active profile set, falling back to 1 default profile: "default"
2026-05-28T15:52:00.307+07:00  INFO 14128 --- [DinhTrongAn_Hackathon_] [restartedMain] o.apache.catalina.core.StandardService   : Starting service [Tomcat]
2026-05-28T15:52:00.307+07:00  INFO 14128 --- [DinhTrongAn_Hackathon_] [restartedMain] o.apache.catalina.core.StandardEngine    : Starting Servlet engine: [Apache Tomcat/11.0.21]
2026-05-28T15:52:00.554+07:00  INFO 14128 --- [DinhTrongAn_Hackathon_] [restartedMain] org.hibernate.orm.jpa                    : HHH008540: Processing PersistenceUnitInfo [name: default]
2026-05-28T15:52:00.616+07:00  INFO 14128 --- [DinhTrongAn_Hackathon_] [restartedMain] com.zaxxer.hikari.HikariDataSource       : HikariPool-16 - Starting...
2026-05-28T15:52:00.620+07:00  INFO 14128 --- [DinhTrongAn_Hackathon_] [restartedMain] com.zaxxer.hikari.pool.HikariPool        : HikariPool-16 - Added connection com.mysql.cj.jdbc.ConnectionImpl@632f3d5f
2026-05-28T15:52:00.628+07:00  INFO 14128 --- [DinhTrongAn_Hackathon_] [restartedMain] com.zaxxer.hikari.HikariDataSource       : HikariPool-16 - Start completed.
2026-05-28T15:52:00.630+07:00  WARN 14128 --- [DinhTrongAn_Hackathon_] [restartedMain] org.hibernate.orm.deprecation            : HHH90000025: MySQLDialect does not need to be specified explicitly using 'hibernate.dialect' (remove the property setting and it will be selected by default)
2026-05-28T15:52:00.630+07:00  INFO 14128 --- [DinhTrongAn_Hackathon_] [restartedMain] org.hibernate.orm.connections.pooling    : HHH10001005: Database info:
	Database JDBC URL [jdbc:mysql://localhost:3306/Hakathon_it211?createDatabaseIfNotExist=true&useSSL=false&allowPublicKeyRetrieval=true]
	Database driver: MySQL Connector/J
	Database dialect: MySQLDialect
	Database version: 9.5
	Default catalog/schema: Hakathon_it211/undefined
	Autocommit mode: undefined/unknown
	Isolation level: REPEATABLE_READ [default REPEATABLE_READ]
	JDBC fetch size: none
	Pool: DataSourceConnectionProvider
	Minimum pool size: undefined/unknown
	Maximum pool size: undefined/unknown
2026-05-28T15:52:00.718+07:00  INFO 14128 --- [DinhTrongAn_Hackathon_] [restartedMain] org.hibernate.orm.core                   : HHH000489: No JTA platform available (set 'hibernate.transaction.jta.platform' to enable JTA platform integration)
2026-05-28T15:52:00.718+07:00  INFO 14128 --- [DinhTrongAn_Hackathon_] [restartedMain] org.hibernate.orm.jdbc.batch             : HHH100501: Automatic JDBC statement batching enabled (maximum batch size 20)
2026-05-28T15:52:01.029+07:00  WARN 14128 --- [DinhTrongAn_Hackathon_] [restartedMain] JpaBaseConfiguration$JpaWebConfiguration : spring.jpa.open-in-view is enabled by default. Therefore, database queries may be performed during view rendering. Explicitly configure spring.jpa.open-in-view to disable this warning
2026-05-28T15:52:01.258+07:00  INFO 14128 --- [DinhTrongAn_Hackathon_] [restartedMain] o.e.DinhTrongAnHackathonApplication      : Started DinhTrongAnHackathonApplication in 2.103 seconds (process running for 1629.197)
2026-05-28T15:52:34.051+07:00  INFO 14128 --- [DinhTrongAn_Hackathon_] [http-nio-8080-exec-2] o.a.c.c.C.[Tomcat].[localhost].[/]       : Initializing Spring DispatcherServlet 'dispatcherServlet'
2026-05-28T15:52:34.084+07:00  INFO 14128 --- [DinhTrongAn_Hackathon_] [http-nio-8080-exec-2] org.example.aspect.LoggingAspect         : Method: Update 
2026-05-28T15:52:34.092+07:00 DEBUG 14128 --- [DinhTrongAn_Hackathon_] [http-nio-8080-exec-2] org.hibernate.SQL                        : 
    select
        w1_0.id,
        w1_0.brand,
        w1_0.model_name,
        w1_0.movement_type,
        w1_0.price,
        w1_0.status 
    from
        Watch w1_0 
    where
        w1_0.id=?
2026-05-28T15:52:34.100+07:00 DEBUG 14128 --- [DinhTrongAn_Hackathon_] [http-nio-8080-exec-2] org.hibernate.SQL                        : 
    update
        Watch 
    set
        brand=?,
        model_name=?,
        movement_type=?,
        price=?,
        status=? 
    where
        id=?
2026-05-28T15:55:06.489+07:00  INFO 14128 --- [DinhTrongAn_Hackathon_] [Thread-61] com.zaxxer.hikari.HikariDataSource       : HikariPool-16 - Shutdown initiated...
2026-05-28T15:55:06.492+07:00  INFO 14128 --- [DinhTrongAn_Hackathon_] [Thread-61] com.zaxxer.hikari.HikariDataSource       : HikariPool-16 - Shutdown completed.
2026-05-28T15:55:06.606+07:00  INFO 14128 --- [DinhTrongAn_Hackathon_] [restartedMain] o.e.DinhTrongAnHackathonApplication      : Starting DinhTrongAnHackathonApplication using Java 21.0.7 with PID 14128 (E:\Web\demoHackathon\DinhTrongAn_Hackathon_\build\classes\java\main started by Trong An in E:\Web\demoHackathon\DinhTrongAn_Hackathon_)
2026-05-28T15:55:06.606+07:00  INFO 14128 --- [DinhTrongAn_Hackathon_] [restartedMain] o.e.DinhTrongAnHackathonApplication      : No active profile set, falling back to 1 default profile: "default"
2026-05-28T15:55:07.005+07:00  INFO 14128 --- [DinhTrongAn_Hackathon_] [restartedMain] o.apache.catalina.core.StandardService   : Starting service [Tomcat]
2026-05-28T15:55:07.006+07:00  INFO 14128 --- [DinhTrongAn_Hackathon_] [restartedMain] o.apache.catalina.core.StandardEngine    : Starting Servlet engine: [Apache Tomcat/11.0.21]
2026-05-28T15:55:07.152+07:00  INFO 14128 --- [DinhTrongAn_Hackathon_] [restartedMain] org.hibernate.orm.jpa                    : HHH008540: Processing PersistenceUnitInfo [name: default]
2026-05-28T15:55:07.196+07:00  INFO 14128 --- [DinhTrongAn_Hackathon_] [restartedMain] com.zaxxer.hikari.HikariDataSource       : HikariPool-17 - Starting...
2026-05-28T15:55:07.201+07:00  INFO 14128 --- [DinhTrongAn_Hackathon_] [restartedMain] com.zaxxer.hikari.pool.HikariPool        : HikariPool-17 - Added connection com.mysql.cj.jdbc.ConnectionImpl@6cbddba9
2026-05-28T15:55:07.202+07:00  INFO 14128 --- [DinhTrongAn_Hackathon_] [restartedMain] com.zaxxer.hikari.HikariDataSource       : HikariPool-17 - Start completed.
2026-05-28T15:55:07.203+07:00  WARN 14128 --- [DinhTrongAn_Hackathon_] [restartedMain] org.hibernate.orm.deprecation            : HHH90000025: MySQLDialect does not need to be specified explicitly using 'hibernate.dialect' (remove the property setting and it will be selected by default)
2026-05-28T15:55:07.204+07:00  INFO 14128 --- [DinhTrongAn_Hackathon_] [restartedMain] org.hibernate.orm.connections.pooling    : HHH10001005: Database info:
	Database JDBC URL [jdbc:mysql://localhost:3306/Hakathon_it211?createDatabaseIfNotExist=true&useSSL=false&allowPublicKeyRetrieval=true]
	Database driver: MySQL Connector/J
	Database dialect: MySQLDialect
	Database version: 9.5
	Default catalog/schema: Hakathon_it211/undefined
	Autocommit mode: undefined/unknown
	Isolation level: REPEATABLE_READ [default REPEATABLE_READ]
	JDBC fetch size: none
	Pool: DataSourceConnectionProvider
	Minimum pool size: undefined/unknown
	Maximum pool size: undefined/unknown
2026-05-28T15:55:07.252+07:00  INFO 14128 --- [DinhTrongAn_Hackathon_] [restartedMain] org.hibernate.orm.core                   : HHH000489: No JTA platform available (set 'hibernate.transaction.jta.platform' to enable JTA platform integration)
2026-05-28T15:55:07.252+07:00  INFO 14128 --- [DinhTrongAn_Hackathon_] [restartedMain] org.hibernate.orm.jdbc.batch             : HHH100501: Automatic JDBC statement batching enabled (maximum batch size 20)
2026-05-28T15:55:07.574+07:00  WARN 14128 --- [DinhTrongAn_Hackathon_] [restartedMain] JpaBaseConfiguration$JpaWebConfiguration : spring.jpa.open-in-view is enabled by default. Therefore, database queries may be performed during view rendering. Explicitly configure spring.jpa.open-in-view to disable this warning
2026-05-28T15:55:07.962+07:00  INFO 14128 --- [DinhTrongAn_Hackathon_] [restartedMain] o.e.DinhTrongAnHackathonApplication      : Started DinhTrongAnHackathonApplication in 1.392 seconds (process running for 1815.902)
2026-05-28T15:55:09.322+07:00  INFO 14128 --- [DinhTrongAn_Hackathon_] [Thread-65] com.zaxxer.hikari.HikariDataSource       : HikariPool-17 - Shutdown initiated...
2026-05-28T15:55:09.326+07:00  INFO 14128 --- [DinhTrongAn_Hackathon_] [Thread-65] com.zaxxer.hikari.HikariDataSource       : HikariPool-17 - Shutdown completed.
2026-05-28T15:55:09.448+07:00  INFO 14128 --- [DinhTrongAn_Hackathon_] [restartedMain] o.e.DinhTrongAnHackathonApplication      : Starting DinhTrongAnHackathonApplication using Java 21.0.7 with PID 14128 (E:\Web\demoHackathon\DinhTrongAn_Hackathon_\build\classes\java\main started by Trong An in E:\Web\demoHackathon\DinhTrongAn_Hackathon_)
2026-05-28T15:55:09.449+07:00  INFO 14128 --- [DinhTrongAn_Hackathon_] [restartedMain] o.e.DinhTrongAnHackathonApplication      : No active profile set, falling back to 1 default profile: "default"
2026-05-28T15:55:09.971+07:00  INFO 14128 --- [DinhTrongAn_Hackathon_] [restartedMain] o.apache.catalina.core.StandardService   : Starting service [Tomcat]
2026-05-28T15:55:09.971+07:00  INFO 14128 --- [DinhTrongAn_Hackathon_] [restartedMain] o.apache.catalina.core.StandardEngine    : Starting Servlet engine: [Apache Tomcat/11.0.21]
2026-05-28T15:55:10.213+07:00  INFO 14128 --- [DinhTrongAn_Hackathon_] [restartedMain] org.hibernate.orm.jpa                    : HHH008540: Processing PersistenceUnitInfo [name: default]
2026-05-28T15:55:10.255+07:00  INFO 14128 --- [DinhTrongAn_Hackathon_] [restartedMain] com.zaxxer.hikari.HikariDataSource       : HikariPool-18 - Starting...
2026-05-28T15:55:10.260+07:00  INFO 14128 --- [DinhTrongAn_Hackathon_] [restartedMain] com.zaxxer.hikari.pool.HikariPool        : HikariPool-18 - Added connection com.mysql.cj.jdbc.ConnectionImpl@4a6eeb68
2026-05-28T15:55:10.261+07:00  INFO 14128 --- [DinhTrongAn_Hackathon_] [restartedMain] com.zaxxer.hikari.HikariDataSource       : HikariPool-18 - Start completed.
2026-05-28T15:55:10.262+07:00  WARN 14128 --- [DinhTrongAn_Hackathon_] [restartedMain] org.hibernate.orm.deprecation            : HHH90000025: MySQLDialect does not need to be specified explicitly using 'hibernate.dialect' (remove the property setting and it will be selected by default)
2026-05-28T15:55:10.264+07:00  INFO 14128 --- [DinhTrongAn_Hackathon_] [restartedMain] org.hibernate.orm.connections.pooling    : HHH10001005: Database info:
	Database JDBC URL [jdbc:mysql://localhost:3306/Hakathon_it211?createDatabaseIfNotExist=true&useSSL=false&allowPublicKeyRetrieval=true]
	Database driver: MySQL Connector/J
	Database dialect: MySQLDialect
	Database version: 9.5
	Default catalog/schema: Hakathon_it211/undefined
	Autocommit mode: undefined/unknown
	Isolation level: REPEATABLE_READ [default REPEATABLE_READ]
	JDBC fetch size: none
	Pool: DataSourceConnectionProvider
	Minimum pool size: undefined/unknown
	Maximum pool size: undefined/unknown
2026-05-28T15:55:10.306+07:00  INFO 14128 --- [DinhTrongAn_Hackathon_] [restartedMain] org.hibernate.orm.core                   : HHH000489: No JTA platform available (set 'hibernate.transaction.jta.platform' to enable JTA platform integration)
2026-05-28T15:55:10.307+07:00  INFO 14128 --- [DinhTrongAn_Hackathon_] [restartedMain] org.hibernate.orm.jdbc.batch             : HHH100501: Automatic JDBC statement batching enabled (maximum batch size 20)
2026-05-28T15:55:10.573+07:00  WARN 14128 --- [DinhTrongAn_Hackathon_] [restartedMain] JpaBaseConfiguration$JpaWebConfiguration : spring.jpa.open-in-view is enabled by default. Therefore, database queries may be performed during view rendering. Explicitly configure spring.jpa.open-in-view to disable this warning
2026-05-28T15:55:11.007+07:00  INFO 14128 --- [DinhTrongAn_Hackathon_] [restartedMain] o.e.DinhTrongAnHackathonApplication      : Started DinhTrongAnHackathonApplication in 1.585 seconds (process running for 1818.946)
2026-05-28T15:55:11.094+07:00  INFO 14128 --- [DinhTrongAn_Hackathon_] [http-nio-8080-exec-1] o.a.c.c.C.[Tomcat].[localhost].[/]       : Initializing Spring DispatcherServlet 'dispatcherServlet'
2026-05-28T15:55:11.124+07:00  WARN 14128 --- [DinhTrongAn_Hackathon_] [http-nio-8080-exec-1] .m.m.a.ExceptionHandlerExceptionResolver : Resolved [org.springframework.web.bind.MethodArgumentNotValidException: Validation failed for argument [0] in public org.springframework.http.ResponseEntity<?> org.example.controller.WatchController.update(org.example.dto.WatchRequestDto,java.lang.Long): [Field error in object 'watchRequestDto' on field 'model_name': rejected value []; codes [NotBlank.watchRequestDto.model_name,NotBlank.model_name,NotBlank.java.lang.String,NotBlank]; arguments [org.springframework.context.support.DefaultMessageSourceResolvable: codes [watchRequestDto.model_name,model_name]; arguments []; default message [model_name]]; default message [khong duoc de trong]] ]
2026-05-28T15:56:38.729+07:00  INFO 14128 --- [DinhTrongAn_Hackathon_] [Thread-69] com.zaxxer.hikari.HikariDataSource       : HikariPool-18 - Shutdown initiated...
2026-05-28T15:56:38.734+07:00  INFO 14128 --- [DinhTrongAn_Hackathon_] [Thread-69] com.zaxxer.hikari.HikariDataSource       : HikariPool-18 - Shutdown completed.
2026-05-28T15:56:38.844+07:00  INFO 14128 --- [DinhTrongAn_Hackathon_] [restartedMain] o.e.DinhTrongAnHackathonApplication      : Starting DinhTrongAnHackathonApplication using Java 21.0.7 with PID 14128 (E:\Web\demoHackathon\DinhTrongAn_Hackathon_\build\classes\java\main started by Trong An in E:\Web\demoHackathon\DinhTrongAn_Hackathon_)
2026-05-28T15:56:38.845+07:00  INFO 14128 --- [DinhTrongAn_Hackathon_] [restartedMain] o.e.DinhTrongAnHackathonApplication      : No active profile set, falling back to 1 default profile: "default"
2026-05-28T15:56:39.258+07:00  INFO 14128 --- [DinhTrongAn_Hackathon_] [restartedMain] o.apache.catalina.core.StandardService   : Starting service [Tomcat]
2026-05-28T15:56:39.258+07:00  INFO 14128 --- [DinhTrongAn_Hackathon_] [restartedMain] o.apache.catalina.core.StandardEngine    : Starting Servlet engine: [Apache Tomcat/11.0.21]
2026-05-28T15:56:39.412+07:00  INFO 14128 --- [DinhTrongAn_Hackathon_] [restartedMain] org.hibernate.orm.jpa                    : HHH008540: Processing PersistenceUnitInfo [name: default]
2026-05-28T15:56:39.461+07:00  INFO 14128 --- [DinhTrongAn_Hackathon_] [restartedMain] com.zaxxer.hikari.HikariDataSource       : HikariPool-19 - Starting...
2026-05-28T15:56:39.468+07:00  INFO 14128 --- [DinhTrongAn_Hackathon_] [restartedMain] com.zaxxer.hikari.pool.HikariPool        : HikariPool-19 - Added connection com.mysql.cj.jdbc.ConnectionImpl@32ed09b1
2026-05-28T15:56:39.468+07:00  INFO 14128 --- [DinhTrongAn_Hackathon_] [restartedMain] com.zaxxer.hikari.HikariDataSource       : HikariPool-19 - Start completed.
2026-05-28T15:56:39.470+07:00  WARN 14128 --- [DinhTrongAn_Hackathon_] [restartedMain] org.hibernate.orm.deprecation            : HHH90000025: MySQLDialect does not need to be specified explicitly using 'hibernate.dialect' (remove the property setting and it will be selected by default)
2026-05-28T15:56:39.470+07:00  INFO 14128 --- [DinhTrongAn_Hackathon_] [restartedMain] org.hibernate.orm.connections.pooling    : HHH10001005: Database info:
	Database JDBC URL [jdbc:mysql://localhost:3306/Hakathon_it211?createDatabaseIfNotExist=true&useSSL=false&allowPublicKeyRetrieval=true]
	Database driver: MySQL Connector/J
	Database dialect: MySQLDialect
	Database version: 9.5
	Default catalog/schema: Hakathon_it211/undefined
	Autocommit mode: undefined/unknown
	Isolation level: REPEATABLE_READ [default REPEATABLE_READ]
	JDBC fetch size: none
	Pool: DataSourceConnectionProvider
	Minimum pool size: undefined/unknown
	Maximum pool size: undefined/unknown
2026-05-28T15:56:39.520+07:00  INFO 14128 --- [DinhTrongAn_Hackathon_] [restartedMain] org.hibernate.orm.core                   : HHH000489: No JTA platform available (set 'hibernate.transaction.jta.platform' to enable JTA platform integration)
2026-05-28T15:56:39.520+07:00  INFO 14128 --- [DinhTrongAn_Hackathon_] [restartedMain] org.hibernate.orm.jdbc.batch             : HHH100501: Automatic JDBC statement batching enabled (maximum batch size 20)
2026-05-28T15:56:39.831+07:00  WARN 14128 --- [DinhTrongAn_Hackathon_] [restartedMain] JpaBaseConfiguration$JpaWebConfiguration : spring.jpa.open-in-view is enabled by default. Therefore, database queries may be performed during view rendering. Explicitly configure spring.jpa.open-in-view to disable this warning
2026-05-28T15:56:40.198+07:00  INFO 14128 --- [DinhTrongAn_Hackathon_] [restartedMain] o.e.DinhTrongAnHackathonApplication      : Started DinhTrongAnHackathonApplication in 1.384 seconds (process running for 1908.138)
2026-05-28T15:56:41.575+07:00  INFO 14128 --- [DinhTrongAn_Hackathon_] [Thread-73] com.zaxxer.hikari.HikariDataSource       : HikariPool-19 - Shutdown initiated...
2026-05-28T15:56:41.580+07:00  INFO 14128 --- [DinhTrongAn_Hackathon_] [Thread-73] com.zaxxer.hikari.HikariDataSource       : HikariPool-19 - Shutdown completed.
2026-05-28T15:56:41.705+07:00  INFO 14128 --- [DinhTrongAn_Hackathon_] [restartedMain] o.e.DinhTrongAnHackathonApplication      : Starting DinhTrongAnHackathonApplication using Java 21.0.7 with PID 14128 (E:\Web\demoHackathon\DinhTrongAn_Hackathon_\build\classes\java\main started by Trong An in E:\Web\demoHackathon\DinhTrongAn_Hackathon_)
2026-05-28T15:56:41.706+07:00  INFO 14128 --- [DinhTrongAn_Hackathon_] [restartedMain] o.e.DinhTrongAnHackathonApplication      : No active profile set, falling back to 1 default profile: "default"
2026-05-28T15:56:42.333+07:00  INFO 14128 --- [DinhTrongAn_Hackathon_] [restartedMain] o.apache.catalina.core.StandardService   : Starting service [Tomcat]
2026-05-28T15:56:42.333+07:00  INFO 14128 --- [DinhTrongAn_Hackathon_] [restartedMain] o.apache.catalina.core.StandardEngine    : Starting Servlet engine: [Apache Tomcat/11.0.21]
2026-05-28T15:56:42.458+07:00  INFO 14128 --- [DinhTrongAn_Hackathon_] [restartedMain] org.hibernate.orm.jpa                    : HHH008540: Processing PersistenceUnitInfo [name: default]
2026-05-28T15:56:42.502+07:00  INFO 14128 --- [DinhTrongAn_Hackathon_] [restartedMain] com.zaxxer.hikari.HikariDataSource       : HikariPool-20 - Starting...
2026-05-28T15:56:42.506+07:00  INFO 14128 --- [DinhTrongAn_Hackathon_] [restartedMain] com.zaxxer.hikari.pool.HikariPool        : HikariPool-20 - Added connection com.mysql.cj.jdbc.ConnectionImpl@37d69a08
2026-05-28T15:56:42.506+07:00  INFO 14128 --- [DinhTrongAn_Hackathon_] [restartedMain] com.zaxxer.hikari.HikariDataSource       : HikariPool-20 - Start completed.
2026-05-28T15:56:42.508+07:00  WARN 14128 --- [DinhTrongAn_Hackathon_] [restartedMain] org.hibernate.orm.deprecation            : HHH90000025: MySQLDialect does not need to be specified explicitly using 'hibernate.dialect' (remove the property setting and it will be selected by default)
2026-05-28T15:56:42.508+07:00  INFO 14128 --- [DinhTrongAn_Hackathon_] [restartedMain] org.hibernate.orm.connections.pooling    : HHH10001005: Database info:
	Database JDBC URL [jdbc:mysql://localhost:3306/Hakathon_it211?createDatabaseIfNotExist=true&useSSL=false&allowPublicKeyRetrieval=true]
	Database driver: MySQL Connector/J
	Database dialect: MySQLDialect
	Database version: 9.5
	Default catalog/schema: Hakathon_it211/undefined
	Autocommit mode: undefined/unknown
	Isolation level: REPEATABLE_READ [default REPEATABLE_READ]
	JDBC fetch size: none
	Pool: DataSourceConnectionProvider
	Minimum pool size: undefined/unknown
	Maximum pool size: undefined/unknown
2026-05-28T15:56:42.553+07:00  INFO 14128 --- [DinhTrongAn_Hackathon_] [restartedMain] org.hibernate.orm.core                   : HHH000489: No JTA platform available (set 'hibernate.transaction.jta.platform' to enable JTA platform integration)
2026-05-28T15:56:42.554+07:00  INFO 14128 --- [DinhTrongAn_Hackathon_] [restartedMain] org.hibernate.orm.jdbc.batch             : HHH100501: Automatic JDBC statement batching enabled (maximum batch size 20)
2026-05-28T15:56:42.855+07:00  WARN 14128 --- [DinhTrongAn_Hackathon_] [restartedMain] JpaBaseConfiguration$JpaWebConfiguration : spring.jpa.open-in-view is enabled by default. Therefore, database queries may be performed during view rendering. Explicitly configure spring.jpa.open-in-view to disable this warning
2026-05-28T15:56:43.273+07:00  INFO 14128 --- [DinhTrongAn_Hackathon_] [restartedMain] o.e.DinhTrongAnHackathonApplication      : Started DinhTrongAnHackathonApplication in 1.597 seconds (process running for 1911.214)
2026-05-28T15:56:43.935+07:00  INFO 14128 --- [DinhTrongAn_Hackathon_] [http-nio-8080-exec-2] o.a.c.c.C.[Tomcat].[localhost].[/]       : Initializing Spring DispatcherServlet 'dispatcherServlet'
2026-05-28T15:56:43.967+07:00  WARN 14128 --- [DinhTrongAn_Hackathon_] [http-nio-8080-exec-2] .m.m.a.ExceptionHandlerExceptionResolver : Resolved [org.springframework.web.bind.MethodArgumentNotValidException: Validation failed for argument [0] in public org.springframework.http.ResponseEntity<?> org.example.controller.WatchController.update(org.example.dto.WatchRequestDto,java.lang.Long): [Field error in object 'watchRequestDto' on field 'model_name': rejected value []; codes [NotBlank.watchRequestDto.model_name,NotBlank.model_name,NotBlank.java.lang.String,NotBlank]; arguments [org.springframework.context.support.DefaultMessageSourceResolvable: codes [watchRequestDto.model_name,model_name]; arguments []; default message [model_name]]; default message [khong duoc de trong]] ]
2026-05-28T15:57:44.233+07:00  WARN 14128 --- [DinhTrongAn_Hackathon_] [http-nio-8080-exec-4] .m.m.a.ExceptionHandlerExceptionResolver : Resolved [org.springframework.web.bind.MethodArgumentNotValidException: Validation failed for argument [0] in public org.springframework.http.ResponseEntity<?> org.example.controller.WatchController.update(org.example.dto.WatchRequestDto,java.lang.Long): [Field error in object 'watchRequestDto' on field 'model_name': rejected value []; codes [NotBlank.watchRequestDto.model_name,NotBlank.model_name,NotBlank.java.lang.String,NotBlank]; arguments [org.springframework.context.support.DefaultMessageSourceResolvable: codes [watchRequestDto.model_name,model_name]; arguments []; default message [model_name]]; default message [khong duoc de trong]] ]
2026-05-28T15:57:50.621+07:00  WARN 14128 --- [DinhTrongAn_Hackathon_] [http-nio-8080-exec-10] .m.m.a.ExceptionHandlerExceptionResolver : Resolved [org.springframework.web.bind.MethodArgumentNotValidException: Validation failed for argument [0] in public org.springframework.http.ResponseEntity<?> org.example.controller.WatchController.update(org.example.dto.WatchRequestDto,java.lang.Long): [Field error in object 'watchRequestDto' on field 'model_name': rejected value []; codes [NotBlank.watchRequestDto.model_name,NotBlank.model_name,NotBlank.java.lang.String,NotBlank]; arguments [org.springframework.context.support.DefaultMessageSourceResolvable: codes [watchRequestDto.model_name,model_name]; arguments []; default message [model_name]]; default message [khong duoc de trong]] ]
2026-05-28T15:57:51.804+07:00  WARN 14128 --- [DinhTrongAn_Hackathon_] [http-nio-8080-exec-8] .m.m.a.ExceptionHandlerExceptionResolver : Resolved [org.springframework.web.bind.MethodArgumentNotValidException: Validation failed for argument [0] in public org.springframework.http.ResponseEntity<?> org.example.controller.WatchController.update(org.example.dto.WatchRequestDto,java.lang.Long): [Field error in object 'watchRequestDto' on field 'model_name': rejected value []; codes [NotBlank.watchRequestDto.model_name,NotBlank.model_name,NotBlank.java.lang.String,NotBlank]; arguments [org.springframework.context.support.DefaultMessageSourceResolvable: codes [watchRequestDto.model_name,model_name]; arguments []; default message [model_name]]; default message [khong duoc de trong]] ]
2026-05-28T15:57:52.850+07:00  WARN 14128 --- [DinhTrongAn_Hackathon_] [http-nio-8080-exec-6] .m.m.a.ExceptionHandlerExceptionResolver : Resolved [org.springframework.web.bind.MethodArgumentNotValidException: Validation failed for argument [0] in public org.springframework.http.ResponseEntity<?> org.example.controller.WatchController.update(org.example.dto.WatchRequestDto,java.lang.Long): [Field error in object 'watchRequestDto' on field 'model_name': rejected value []; codes [NotBlank.watchRequestDto.model_name,NotBlank.model_name,NotBlank.java.lang.String,NotBlank]; arguments [org.springframework.context.support.DefaultMessageSourceResolvable: codes [watchRequestDto.model_name,model_name]; arguments []; default message [model_name]]; default message [khong duoc de trong]] ]
2026-05-28T15:57:57.116+07:00  INFO 14128 --- [DinhTrongAn_Hackathon_] [http-nio-8080-exec-2] org.example.aspect.LoggingAspect         : Method: Update 
2026-05-28T15:57:57.119+07:00 DEBUG 14128 --- [DinhTrongAn_Hackathon_] [http-nio-8080-exec-2] org.hibernate.SQL                        : 
    select
        w1_0.id,
        w1_0.brand,
        w1_0.model_name,
        w1_0.movement_type,
        w1_0.price,
        w1_0.status 
    from
        Watch w1_0 
    where
        w1_0.id=?
2026-05-28T15:57:57.125+07:00  WARN 14128 --- [DinhTrongAn_Hackathon_] [http-nio-8080-exec-2] .m.m.a.ExceptionHandlerExceptionResolver : Resolved [java.lang.RuntimeException: Watch not found]
2026-05-28T15:59:08.661+07:00  INFO 14128 --- [DinhTrongAn_Hackathon_] [Thread-77] com.zaxxer.hikari.HikariDataSource       : HikariPool-20 - Shutdown initiated...
2026-05-28T15:59:08.665+07:00  INFO 14128 --- [DinhTrongAn_Hackathon_] [Thread-77] com.zaxxer.hikari.HikariDataSource       : HikariPool-20 - Shutdown completed.
2026-05-28T15:59:08.765+07:00  INFO 14128 --- [DinhTrongAn_Hackathon_] [restartedMain] o.e.DinhTrongAnHackathonApplication      : Starting DinhTrongAnHackathonApplication using Java 21.0.7 with PID 14128 (E:\Web\demoHackathon\DinhTrongAn_Hackathon_\build\classes\java\main started by Trong An in E:\Web\demoHackathon\DinhTrongAn_Hackathon_)
2026-05-28T15:59:08.765+07:00  INFO 14128 --- [DinhTrongAn_Hackathon_] [restartedMain] o.e.DinhTrongAnHackathonApplication      : No active profile set, falling back to 1 default profile: "default"
2026-05-28T15:59:09.155+07:00  INFO 14128 --- [DinhTrongAn_Hackathon_] [restartedMain] o.apache.catalina.core.StandardService   : Starting service [Tomcat]
2026-05-28T15:59:09.156+07:00  INFO 14128 --- [DinhTrongAn_Hackathon_] [restartedMain] o.apache.catalina.core.StandardEngine    : Starting Servlet engine: [Apache Tomcat/11.0.21]
2026-05-28T15:59:09.293+07:00  INFO 14128 --- [DinhTrongAn_Hackathon_] [restartedMain] org.hibernate.orm.jpa                    : HHH008540: Processing PersistenceUnitInfo [name: default]
2026-05-28T15:59:09.339+07:00  INFO 14128 --- [DinhTrongAn_Hackathon_] [restartedMain] com.zaxxer.hikari.HikariDataSource       : HikariPool-21 - Starting...
2026-05-28T15:59:09.345+07:00  INFO 14128 --- [DinhTrongAn_Hackathon_] [restartedMain] com.zaxxer.hikari.pool.HikariPool        : HikariPool-21 - Added connection com.mysql.cj.jdbc.ConnectionImpl@68851d7
2026-05-28T15:59:09.345+07:00  INFO 14128 --- [DinhTrongAn_Hackathon_] [restartedMain] com.zaxxer.hikari.HikariDataSource       : HikariPool-21 - Start completed.
2026-05-28T15:59:09.347+07:00  WARN 14128 --- [DinhTrongAn_Hackathon_] [restartedMain] org.hibernate.orm.deprecation            : HHH90000025: MySQLDialect does not need to be specified explicitly using 'hibernate.dialect' (remove the property setting and it will be selected by default)
2026-05-28T15:59:09.348+07:00  INFO 14128 --- [DinhTrongAn_Hackathon_] [restartedMain] org.hibernate.orm.connections.pooling    : HHH10001005: Database info:
	Database JDBC URL [jdbc:mysql://localhost:3306/Hakathon_it211?createDatabaseIfNotExist=true&useSSL=false&allowPublicKeyRetrieval=true]
	Database driver: MySQL Connector/J
	Database dialect: MySQLDialect
	Database version: 9.5
	Default catalog/schema: Hakathon_it211/undefined
	Autocommit mode: undefined/unknown
	Isolation level: REPEATABLE_READ [default REPEATABLE_READ]
	JDBC fetch size: none
	Pool: DataSourceConnectionProvider
	Minimum pool size: undefined/unknown
	Maximum pool size: undefined/unknown
2026-05-28T15:59:09.402+07:00  INFO 14128 --- [DinhTrongAn_Hackathon_] [restartedMain] org.hibernate.orm.core                   : HHH000489: No JTA platform available (set 'hibernate.transaction.jta.platform' to enable JTA platform integration)
2026-05-28T15:59:09.402+07:00  INFO 14128 --- [DinhTrongAn_Hackathon_] [restartedMain] org.hibernate.orm.jdbc.batch             : HHH100501: Automatic JDBC statement batching enabled (maximum batch size 20)
2026-05-28T15:59:09.693+07:00  WARN 14128 --- [DinhTrongAn_Hackathon_] [restartedMain] JpaBaseConfiguration$JpaWebConfiguration : spring.jpa.open-in-view is enabled by default. Therefore, database queries may be performed during view rendering. Explicitly configure spring.jpa.open-in-view to disable this warning
2026-05-28T15:59:10.055+07:00  INFO 14128 --- [DinhTrongAn_Hackathon_] [restartedMain] o.e.DinhTrongAnHackathonApplication      : Started DinhTrongAnHackathonApplication in 1.319 seconds (process running for 2057.994)
2026-05-28T15:59:11.422+07:00  INFO 14128 --- [DinhTrongAn_Hackathon_] [Thread-81] com.zaxxer.hikari.HikariDataSource       : HikariPool-21 - Shutdown initiated...
2026-05-28T15:59:11.427+07:00  INFO 14128 --- [DinhTrongAn_Hackathon_] [Thread-81] com.zaxxer.hikari.HikariDataSource       : HikariPool-21 - Shutdown completed.
2026-05-28T15:59:11.525+07:00  INFO 14128 --- [DinhTrongAn_Hackathon_] [restartedMain] o.e.DinhTrongAnHackathonApplication      : Starting DinhTrongAnHackathonApplication using Java 21.0.7 with PID 14128 (E:\Web\demoHackathon\DinhTrongAn_Hackathon_\build\classes\java\main started by Trong An in E:\Web\demoHackathon\DinhTrongAn_Hackathon_)
2026-05-28T15:59:11.525+07:00  INFO 14128 --- [DinhTrongAn_Hackathon_] [restartedMain] o.e.DinhTrongAnHackathonApplication      : No active profile set, falling back to 1 default profile: "default"
2026-05-28T15:59:11.884+07:00  INFO 14128 --- [DinhTrongAn_Hackathon_] [restartedMain] o.apache.catalina.core.StandardService   : Starting service [Tomcat]
2026-05-28T15:59:11.884+07:00  INFO 14128 --- [DinhTrongAn_Hackathon_] [restartedMain] o.apache.catalina.core.StandardEngine    : Starting Servlet engine: [Apache Tomcat/11.0.21]
2026-05-28T15:59:12.003+07:00  INFO 14128 --- [DinhTrongAn_Hackathon_] [restartedMain] org.hibernate.orm.jpa                    : HHH008540: Processing PersistenceUnitInfo [name: default]
2026-05-28T15:59:12.047+07:00  INFO 14128 --- [DinhTrongAn_Hackathon_] [restartedMain] com.zaxxer.hikari.HikariDataSource       : HikariPool-22 - Starting...
2026-05-28T15:59:12.052+07:00  INFO 14128 --- [DinhTrongAn_Hackathon_] [restartedMain] com.zaxxer.hikari.pool.HikariPool        : HikariPool-22 - Added connection com.mysql.cj.jdbc.ConnectionImpl@6abe102c
2026-05-28T15:59:12.052+07:00  INFO 14128 --- [DinhTrongAn_Hackathon_] [restartedMain] com.zaxxer.hikari.HikariDataSource       : HikariPool-22 - Start completed.
2026-05-28T15:59:12.054+07:00  WARN 14128 --- [DinhTrongAn_Hackathon_] [restartedMain] org.hibernate.orm.deprecation            : HHH90000025: MySQLDialect does not need to be specified explicitly using 'hibernate.dialect' (remove the property setting and it will be selected by default)
2026-05-28T15:59:12.055+07:00  INFO 14128 --- [DinhTrongAn_Hackathon_] [restartedMain] org.hibernate.orm.connections.pooling    : HHH10001005: Database info:
	Database JDBC URL [jdbc:mysql://localhost:3306/Hakathon_it211?createDatabaseIfNotExist=true&useSSL=false&allowPublicKeyRetrieval=true]
	Database driver: MySQL Connector/J
	Database dialect: MySQLDialect
	Database version: 9.5
	Default catalog/schema: Hakathon_it211/undefined
	Autocommit mode: undefined/unknown
	Isolation level: REPEATABLE_READ [default REPEATABLE_READ]
	JDBC fetch size: none
	Pool: DataSourceConnectionProvider
	Minimum pool size: undefined/unknown
	Maximum pool size: undefined/unknown
2026-05-28T15:59:12.131+07:00  INFO 14128 --- [DinhTrongAn_Hackathon_] [restartedMain] org.hibernate.orm.core                   : HHH000489: No JTA platform available (set 'hibernate.transaction.jta.platform' to enable JTA platform integration)
2026-05-28T15:59:12.131+07:00  INFO 14128 --- [DinhTrongAn_Hackathon_] [restartedMain] org.hibernate.orm.jdbc.batch             : HHH100501: Automatic JDBC statement batching enabled (maximum batch size 20)
2026-05-28T15:59:12.490+07:00  WARN 14128 --- [DinhTrongAn_Hackathon_] [restartedMain] JpaBaseConfiguration$JpaWebConfiguration : spring.jpa.open-in-view is enabled by default. Therefore, database queries may be performed during view rendering. Explicitly configure spring.jpa.open-in-view to disable this warning
2026-05-28T15:59:13.201+07:00  INFO 14128 --- [DinhTrongAn_Hackathon_] [restartedMain] o.e.DinhTrongAnHackathonApplication      : Started DinhTrongAnHackathonApplication in 1.704 seconds (process running for 2061.141)
2026-05-28T15:59:14.050+07:00  INFO 14128 --- [DinhTrongAn_Hackathon_] [http-nio-8080-exec-2] o.a.c.c.C.[Tomcat].[localhost].[/]       : Initializing Spring DispatcherServlet 'dispatcherServlet'
2026-05-28T15:59:14.102+07:00  WARN 14128 --- [DinhTrongAn_Hackathon_] [http-nio-8080-exec-2] .m.m.a.ExceptionHandlerExceptionResolver : Resolved [org.springframework.web.bind.MethodArgumentNotValidException: Validation failed for argument [1] in public org.springframework.http.ResponseEntity<?> org.example.controller.WatchController.update(java.lang.Long,org.example.dto.WatchRequestDto): [Field error in object 'watchRequestDto' on field 'model_name': rejected value []; codes [NotBlank.watchRequestDto.model_name,NotBlank.model_name,NotBlank.java.lang.String,NotBlank]; arguments [org.springframework.context.support.DefaultMessageSourceResolvable: codes [watchRequestDto.model_name,model_name]; arguments []; default message [model_name]]; default message [khong duoc de trong]] ]
2026-05-28T15:59:15.969+07:00  WARN 14128 --- [DinhTrongAn_Hackathon_] [http-nio-8080-exec-4] .m.m.a.ExceptionHandlerExceptionResolver : Resolved [org.springframework.web.bind.MethodArgumentNotValidException: Validation failed for argument [1] in public org.springframework.http.ResponseEntity<?> org.example.controller.WatchController.update(java.lang.Long,org.example.dto.WatchRequestDto): [Field error in object 'watchRequestDto' on field 'model_name': rejected value []; codes [NotBlank.watchRequestDto.model_name,NotBlank.model_name,NotBlank.java.lang.String,NotBlank]; arguments [org.springframework.context.support.DefaultMessageSourceResolvable: codes [watchRequestDto.model_name,model_name]; arguments []; default message [model_name]]; default message [khong duoc de trong]] ]
2026-05-28T16:01:39.284+07:00  INFO 14128 --- [DinhTrongAn_Hackathon_] [SpringApplicationShutdownHook] com.zaxxer.hikari.HikariDataSource       : HikariPool-22 - Shutdown initiated...
2026-05-28T16:01:39.286+07:00  INFO 14128 --- [DinhTrongAn_Hackathon_] [SpringApplicationShutdownHook] com.zaxxer.hikari.HikariDataSource       : HikariPool-22 - Shutdown completed.
2026-05-28T16:10:12.608+07:00  INFO 30556 --- [DinhTrongAn_Hackathon_] [restartedMain] o.e.DinhTrongAnHackathonApplication      : Starting DinhTrongAnHackathonApplication using Java 21.0.7 with PID 30556 (E:\Web\demoHackathon\DinhTrongAn_Hackathon_\build\classes\java\main started by Trong An in E:\Web\demoHackathon\DinhTrongAn_Hackathon_)
2026-05-28T16:10:12.610+07:00  INFO 30556 --- [DinhTrongAn_Hackathon_] [restartedMain] o.e.DinhTrongAnHackathonApplication      : No active profile set, falling back to 1 default profile: "default"
2026-05-28T16:10:13.871+07:00  INFO 30556 --- [DinhTrongAn_Hackathon_] [restartedMain] o.apache.catalina.core.StandardService   : Starting service [Tomcat]
2026-05-28T16:10:13.872+07:00  INFO 30556 --- [DinhTrongAn_Hackathon_] [restartedMain] o.apache.catalina.core.StandardEngine    : Starting Servlet engine: [Apache Tomcat/11.0.21]
2026-05-28T16:10:14.109+07:00  INFO 30556 --- [DinhTrongAn_Hackathon_] [restartedMain] org.hibernate.orm.jpa                    : HHH008540: Processing PersistenceUnitInfo [name: default]
2026-05-28T16:10:14.172+07:00  INFO 30556 --- [DinhTrongAn_Hackathon_] [restartedMain] org.hibernate.orm.core                   : HHH000001: Hibernate ORM core version 7.2.12.Final
2026-05-28T16:10:14.760+07:00  INFO 30556 --- [DinhTrongAn_Hackathon_] [restartedMain] com.zaxxer.hikari.HikariDataSource       : HikariPool-1 - Starting...
2026-05-28T16:10:14.906+07:00  INFO 30556 --- [DinhTrongAn_Hackathon_] [restartedMain] com.zaxxer.hikari.pool.HikariPool        : HikariPool-1 - Added connection com.mysql.cj.jdbc.ConnectionImpl@17812e31
2026-05-28T16:10:14.907+07:00  INFO 30556 --- [DinhTrongAn_Hackathon_] [restartedMain] com.zaxxer.hikari.HikariDataSource       : HikariPool-1 - Start completed.
2026-05-28T16:10:14.963+07:00  WARN 30556 --- [DinhTrongAn_Hackathon_] [restartedMain] org.hibernate.orm.deprecation            : HHH90000025: MySQLDialect does not need to be specified explicitly using 'hibernate.dialect' (remove the property setting and it will be selected by default)
2026-05-28T16:10:14.981+07:00  INFO 30556 --- [DinhTrongAn_Hackathon_] [restartedMain] org.hibernate.orm.connections.pooling    : HHH10001005: Database info:
	Database JDBC URL [jdbc:mysql://localhost:3306/Hakathon_it211?createDatabaseIfNotExist=true&useSSL=false&allowPublicKeyRetrieval=true]
	Database driver: MySQL Connector/J
	Database dialect: MySQLDialect
	Database version: 9.5
	Default catalog/schema: Hakathon_it211/undefined
	Autocommit mode: undefined/unknown
	Isolation level: REPEATABLE_READ [default REPEATABLE_READ]
	JDBC fetch size: none
	Pool: DataSourceConnectionProvider
	Minimum pool size: undefined/unknown
	Maximum pool size: undefined/unknown
2026-05-28T16:10:15.859+07:00  INFO 30556 --- [DinhTrongAn_Hackathon_] [restartedMain] org.hibernate.orm.core                   : HHH000489: No JTA platform available (set 'hibernate.transaction.jta.platform' to enable JTA platform integration)
2026-05-28T16:10:15.862+07:00  INFO 30556 --- [DinhTrongAn_Hackathon_] [restartedMain] org.hibernate.orm.jdbc.batch             : HHH100501: Automatic JDBC statement batching enabled (maximum batch size 20)
2026-05-28T16:10:17.111+07:00  WARN 30556 --- [DinhTrongAn_Hackathon_] [restartedMain] JpaBaseConfiguration$JpaWebConfiguration : spring.jpa.open-in-view is enabled by default. Therefore, database queries may be performed during view rendering. Explicitly configure spring.jpa.open-in-view to disable this warning
2026-05-28T16:10:17.536+07:00  INFO 30556 --- [DinhTrongAn_Hackathon_] [restartedMain] o.e.DinhTrongAnHackathonApplication      : Started DinhTrongAnHackathonApplication in 5.391 seconds (process running for 6.129)
2026-05-28T16:10:17.555+07:00  INFO 30556 --- [DinhTrongAn_Hackathon_] [SpringApplicationShutdownHook] com.zaxxer.hikari.HikariDataSource       : HikariPool-1 - Shutdown initiated...
2026-05-28T16:10:17.564+07:00  INFO 30556 --- [DinhTrongAn_Hackathon_] [SpringApplicationShutdownHook] com.zaxxer.hikari.HikariDataSource       : HikariPool-1 - Shutdown completed.
